Item,Date,Location,Robot,Miles Traveled during day,Robot Time On During Day,Robot Time In Motion During Day
131695,"August 25, 2026",sierra-gold,8431,0.4,1:21,0:13
131696,"August 25, 2026",sierra-gold,8432,0.5,1:21,0:15
131700,"August 25, 2026",sierra-gold,8433,0.9,1:15,0:20
131685,"August 25, 2026",sierra-gold,8472,1.5,1:36,0:31
131686,"August 25, 2026",sierra-gold,8475,1.7,1:35,0:33
131687,"August 25, 2026",sierra-gold,8480,1.1,1:35,0:23
131702,"August 25, 2026",sierra-gold,8631,0.5,1:15,0:12
131697,"August 25, 2026",sierra-gold,8632,0.2,1:20,0:04
131703,"August 25, 2026",sierra-gold,8633,0.0,1:14,0:01
131504,"August 24, 2026",sierra-gold,8431,4.3,8:15,1:31
131505,"August 24, 2026",sierra-gold,8432,1.7,7:39,0:33
131532,"August 24, 2026",sierra-gold,8433,0.4,6:17,0:11
131497,"August 24, 2026",sierra-gold,8472,5.5,8:24,2:02
131498,"August 24, 2026",sierra-gold,8475,0.1,8:21,0:04
131499,"August 24, 2026",sierra-gold,8480,5.2,8:19,1:50
131501,"August 24, 2026",sierra-gold,8631,5.2,8:15,1:53
131506,"August 24, 2026",sierra-gold,8632,4.1,7:59,1:26
131207,"August 21, 2026",sierra-gold,8431,5.5,7:58,1:41
131208,"August 21, 2026",sierra-gold,8432,5.8,8:05,1:45
131200,"August 21, 2026",sierra-gold,8433,3.6,6:24,1:33
131201,"August 21, 2026",sierra-gold,8472,4.7,8:26,1:47
131202,"August 21, 2026",sierra-gold,8475,4.1,6:21,1:28
131203,"August 21, 2026",sierra-gold,8480,4.4,8:30,1:39
131204,"August 21, 2026",sierra-gold,8631,3.3,6:22,1:16
131215,"August 21, 2026",sierra-gold,8632,6.2,8:11,1:51
131205,"August 21, 2026",sierra-gold,8633,4.4,8:27,1:39
131013,"August 20, 2026",sierra-gold,8431,4.5,8:08,1:19
131008,"August 20, 2026",sierra-gold,8432,4.0,8:03,1:13
130999,"August 20, 2026",sierra-gold,8433,3.2,8:27,1:23
131000,"August 20, 2026",sierra-gold,8472,4.3,8:34,1:40
131001,"August 20, 2026",sierra-gold,8475,5.1,8:33,1:56
131002,"August 20, 2026",sierra-gold,8480,3.9,8:25,1:35
131004,"August 20, 2026",sierra-gold,8631,4.1,8:33,1:39
131016,"August 20, 2026",sierra-gold,8632,4.6,7:48,1:23
131005,"August 20, 2026",sierra-gold,8633,4.0,8:30,1:34
130762,"August 19, 2026",sierra-gold,8431,5.5,8:09,1:37
130763,"August 19, 2026",sierra-gold,8432,6.3,8:37,1:58
130754,"August 19, 2026",sierra-gold,8433,3.1,8:34,1:32
130755,"August 19, 2026",sierra-gold,8472,3.2,8:29,1:27
130756,"August 19, 2026",sierra-gold,8475,4.0,8:27,1:35
130758,"August 19, 2026",sierra-gold,8480,3.1,8:35,1:27
130759,"August 19, 2026",sierra-gold,8631,3.2,8:34,1:23
130764,"August 19, 2026",sierra-gold,8632,5.5,8:32,1:41
130760,"August 19, 2026",sierra-gold,8633,2.7,8:30,1:11
130564,"August 18, 2026",sierra-gold,8431,4.6,8:33,1:22
130565,"August 18, 2026",sierra-gold,8432,4.8,8:33,1:23
130553,"August 18, 2026",sierra-gold,8433,6.5,8:38,2:17
130554,"August 18, 2026",sierra-gold,8472,5.7,8:42,1:54
130555,"August 18, 2026",sierra-gold,8475,7.4,8:40,2:23
130556,"August 18, 2026",sierra-gold,8480,5.8,8:32,1:57
130557,"August 18, 2026",sierra-gold,8631,5.5,8:33,1:56
130566,"August 18, 2026",sierra-gold,8632,5.2,8:21,1:31
130558,"August 18, 2026",sierra-gold,8633,5.5,8:34,1:50
130361,"August 17, 2026",sierra-gold,8431,5.5,8:18,1:43
130362,"August 17, 2026",sierra-gold,8432,5.2,8:05,1:40
130360,"August 17, 2026",sierra-gold,8433,4.3,8:28,1:45
130357,"August 17, 2026",sierra-gold,8472,4.4,8:33,1:39
130358,"August 17, 2026",sierra-gold,8475,5.6,8:34,2:03
130359,"August 17, 2026",sierra-gold,8480,4.6,8:33,1:41
130409,"August 17, 2026",sierra-gold,8631,3.0,5:13,1:08
130363,"August 17, 2026",sierra-gold,8632,4.8,8:21,1:32
130410,"August 17, 2026",sierra-gold,8633,2.4,5:13,0:55
130099,"August 14, 2026",sierra-gold,8431,5.6,8:21,1:47
130100,"August 14, 2026",sierra-gold,8432,5.6,7:48,1:43
130093,"August 14, 2026",sierra-gold,8433,5.6,8:27,2:10
130094,"August 14, 2026",sierra-gold,8472,5.2,8:30,1:57
130095,"August 14, 2026",sierra-gold,8475,6.4,8:35,2:16
130096,"August 14, 2026",sierra-gold,8480,5.1,8:28,1:54
130097,"August 14, 2026",sierra-gold,8631,5.8,8:31,2:06
130101,"August 14, 2026",sierra-gold,8632,5.0,8:16,1:33
130098,"August 14, 2026",sierra-gold,8633,4.6,8:08,1:45
129938,"August 13, 2026",sierra-gold,8431,4.8,8:07,1:29
129939,"August 13, 2026",sierra-gold,8432,4.6,8:01,1:23
129930,"August 13, 2026",sierra-gold,8433,3.6,8:30,1:35
129931,"August 13, 2026",sierra-gold,8472,2.6,8:31,1:19
129932,"August 13, 2026",sierra-gold,8475,4.2,8:37,1:40
129933,"August 13, 2026",sierra-gold,8480,3.6,8:26,1:31
129934,"August 13, 2026",sierra-gold,8631,3.5,8:29,1:30
129941,"August 13, 2026",sierra-gold,8632,4.7,8:21,1:24
129935,"August 13, 2026",sierra-gold,8633,3.5,8:38,1:28
129754,"August 12, 2026",sierra-gold,8431,4.6,8:06,1:21
129755,"August 12, 2026",sierra-gold,8432,3.9,8:11,1:08
129747,"August 12, 2026",sierra-gold,8433,5.1,8:30,2:01
129761,"August 12, 2026",sierra-gold,8472,5.7,8:10,2:47
129748,"August 12, 2026",sierra-gold,8475,6.0,8:34,2:21
129749,"August 12, 2026",sierra-gold,8480,5.3,8:31,1:58
129751,"August 12, 2026",sierra-gold,8631,3.9,8:28,1:34
129756,"August 12, 2026",sierra-gold,8632,4.2,8:21,1:13
129752,"August 12, 2026",sierra-gold,8633,4.9,8:37,1:50
129577,"August 11, 2026",sierra-gold,8431,3.1,8:06,1:05
129578,"August 11, 2026",sierra-gold,8432,3.3,8:12,1:06
129569,"August 11, 2026",sierra-gold,8433,5.4,8:37,2:16
129570,"August 11, 2026",sierra-gold,8472,5.7,8:36,2:53
129571,"August 11, 2026",sierra-gold,8475,6.0,8:26,2:19
129572,"August 11, 2026",sierra-gold,8480,5.7,8:37,2:13
129573,"August 11, 2026",sierra-gold,8631,5.0,8:32,2:00
129574,"August 11, 2026",sierra-gold,8632,3.0,8:38,0:57
129585,"August 11, 2026",sierra-gold,8633,5.2,7:50,2:04
129401,"August 10, 2026",sierra-gold,8431,1.2,8:19,0:39
129402,"August 10, 2026",sierra-gold,8432,0.3,8:11,0:07
129392,"August 10, 2026",sierra-gold,8433,6.1,8:29,2:27
129393,"August 10, 2026",sierra-gold,8472,5.7,8:27,2:54
129394,"August 10, 2026",sierra-gold,8475,7.0,8:27,2:33
129395,"August 10, 2026",sierra-gold,8480,6.3,8:19,2:18
129396,"August 10, 2026",sierra-gold,8631,6.7,8:36,2:33
129397,"August 10, 2026",sierra-gold,8632,1.2,8:36,0:39
129398,"August 10, 2026",sierra-gold,8633,6.3,8:31,2:20
129138,"August 7, 2026",sierra-gold,8431,1.5,6:23,0:40
129154,"August 7, 2026",sierra-gold,8433,2.6,6:22,1:04
129121,"August 7, 2026",sierra-gold,8472,2.3,4:11,1:18
129122,"August 7, 2026",sierra-gold,8475,5.2,7:12,1:56
129123,"August 7, 2026",sierra-gold,8480,4.0,7:08,1:37
129126,"August 7, 2026",sierra-gold,8631,3.7,7:03,1:29
129127,"August 7, 2026",sierra-gold,8632,3.3,7:09,1:21
129128,"August 7, 2026",sierra-gold,8633,4.0,7:10,1:36
128915,"August 6, 2026",sierra-gold,8431,0.0,7:10,0:01
128916,"August 6, 2026",sierra-gold,8433,1.0,4:14,0:28
128899,"August 6, 2026",sierra-gold,8472,4.9,7:38,1:56
128900,"August 6, 2026",sierra-gold,8475,5.3,7:27,1:57
128901,"August 6, 2026",sierra-gold,8480,4.1,7:35,1:38
128902,"August 6, 2026",sierra-gold,8631,5.0,7:38,1:54
128903,"August 6, 2026",sierra-gold,8632,4.5,7:37,1:45
128904,"August 6, 2026",sierra-gold,8633,4.4,7:31,1:49
128687,"August 5, 2026",sierra-gold,8432,1.4,7:56,0:36
128671,"August 5, 2026",sierra-gold,8472,4.2,8:34,2:12
128676,"August 5, 2026",sierra-gold,8475,4.7,8:25,1:52
128677,"August 5, 2026",sierra-gold,8480,4.3,8:27,1:45
128678,"August 5, 2026",sierra-gold,8631,4.0,8:33,1:47
128679,"August 5, 2026",sierra-gold,8632,4.3,8:25,1:41
128673,"August 5, 2026",sierra-gold,8633,4.4,8:30,2:04
128496,"August 4, 2026",sierra-gold,8432,2.8,5:40,1:09
128463,"August 4, 2026",sierra-gold,8433,0.9,2:33,0:27
128449,"August 4, 2026",sierra-gold,8472,2.9,7:06,1:33
128450,"August 4, 2026",sierra-gold,8475,3.1,7:06,1:18
128451,"August 4, 2026",sierra-gold,8480,2.9,7:05,1:18
128454,"August 4, 2026",sierra-gold,8631,1.8,7:06,0:48
128452,"August 4, 2026",sierra-gold,8632,2.4,7:05,1:07
128453,"August 4, 2026",sierra-gold,8633,2.5,7:04,1:17
128235,"August 3, 2026",sierra-gold,8433,3.5,5:41,1:24
128236,"August 3, 2026",sierra-gold,8472,3.7,6:02,1:44
128237,"August 3, 2026",sierra-gold,8475,4.4,6:10,1:36
128238,"August 3, 2026",sierra-gold,8480,2.8,5:31,1:05
128239,"August 3, 2026",sierra-gold,8631,2.9,5:24,1:08
128240,"August 3, 2026",sierra-gold,8632,3.0,6:01,1:09
128241,"August 3, 2026",sierra-gold,8633,3.6,6:04,1:40
127971,"July 31, 2026",sierra-gold,8432,0.4,0:25,0:10
127926,"July 31, 2026",sierra-gold,8433,5.2,8:28,2:08
127927,"July 31, 2026",sierra-gold,8472,5.3,8:33,2:35
127928,"July 31, 2026",sierra-gold,8475,5.8,8:09,2:08
127929,"July 31, 2026",sierra-gold,8480,5.2,8:26,2:01
127932,"July 31, 2026",sierra-gold,8631,4.6,8:24,1:46
127938,"July 31, 2026",sierra-gold,8632,4.6,8:11,1:45
127933,"July 31, 2026",sierra-gold,8633,4.6,8:01,2:05
127742,"July 30, 2026",sierra-gold,8431,2.1,6:01,0:49
127743,"July 30, 2026",sierra-gold,8432,1.1,6:04,0:24
127735,"July 30, 2026",sierra-gold,8433,5.1,8:27,2:11
127736,"July 30, 2026",sierra-gold,8472,5.2,8:25,2:24
127737,"July 30, 2026",sierra-gold,8475,7.2,8:36,2:34
127738,"July 30, 2026",sierra-gold,8480,5.5,8:36,2:07
127741,"July 30, 2026",sierra-gold,8631,5.4,8:17,2:07
127739,"July 30, 2026",sierra-gold,8632,5.1,8:27,2:00
127740,"July 30, 2026",sierra-gold,8633,3.4,8:33,1:28
127563,"July 29, 2026",sierra-gold,8431,3.1,8:06,1:01
127564,"July 29, 2026",sierra-gold,8432,1.8,8:19,0:34
127551,"July 29, 2026",sierra-gold,8433,4.5,8:35,1:56
127552,"July 29, 2026",sierra-gold,8472,3.9,8:36,1:51
127553,"July 29, 2026",sierra-gold,8475,4.9,8:33,2:01
127554,"July 29, 2026",sierra-gold,8480,4.3,8:31,1:51
127555,"July 29, 2026",sierra-gold,8631,3.7,8:39,1:44
127565,"July 29, 2026",sierra-gold,8632,2.4,8:13,0:49
127556,"July 29, 2026",sierra-gold,8633,3.8,8:35,1:55
127366,"July 28, 2026",sierra-gold,8431,1.9,8:22,0:39
127354,"July 28, 2026",sierra-gold,8432,1.6,8:36,0:29
127355,"July 28, 2026",sierra-gold,8433,3.5,8:33,1:40
127356,"July 28, 2026",sierra-gold,8472,3.2,8:36,1:44
127357,"July 28, 2026",sierra-gold,8475,4.4,8:36,1:55
127358,"July 28, 2026",sierra-gold,8480,3.1,8:36,1:32
127359,"July 28, 2026",sierra-gold,8631,3.2,8:36,1:36
127367,"July 28, 2026",sierra-gold,8632,2.7,8:35,0:51
127360,"July 28, 2026",sierra-gold,8633,3.3,8:36,1:47
127138,"July 27, 2026",sierra-gold,8431,4.3,8:16,1:21
127139,"July 27, 2026",sierra-gold,8432,5.6,8:17,2:13
127122,"July 27, 2026",sierra-gold,8433,3.8,8:31,1:33
127124,"July 27, 2026",sierra-gold,8472,5.3,8:34,2:03
127125,"July 27, 2026",sierra-gold,8475,5.9,8:26,2:10
127126,"July 27, 2026",sierra-gold,8480,5.3,8:30,2:03
127128,"July 27, 2026",sierra-gold,8631,5.0,8:33,1:34
127140,"July 27, 2026",sierra-gold,8632,4.3,8:11,1:21
127129,"July 27, 2026",sierra-gold,8633,4.7,8:32,1:58
126781,"July 24, 2026",sierra-gold,8431,4.4,8:35,1:28
126774,"July 24, 2026",sierra-gold,8432,2.0,7:47,0:39
126761,"July 24, 2026",sierra-gold,8433,4.1,8:33,1:42
126762,"July 24, 2026",sierra-gold,8472,4.6,8:35,1:49
126763,"July 24, 2026",sierra-gold,8475,3.9,8:34,1:26
126764,"July 24, 2026",sierra-gold,8480,3.7,8:30,1:28
126765,"July 24, 2026",sierra-gold,8631,3.4,8:32,1:22
126785,"July 24, 2026",sierra-gold,8632,4.0,7:50,1:15
126766,"July 24, 2026",sierra-gold,8633,3.5,8:20,1:28
126553,"July 23, 2026",sierra-gold,8431,4.2,8:15,1:21
126554,"July 23, 2026",sierra-gold,8432,3.5,8:03,1:09
126530,"July 23, 2026",sierra-gold,8433,3.2,8:33,1:30
126531,"July 23, 2026",sierra-gold,8472,3.2,8:32,1:26
126532,"July 23, 2026",sierra-gold,8475,3.6,8:32,1:40
126533,"July 23, 2026",sierra-gold,8480,2.9,8:32,1:20
126534,"July 23, 2026",sierra-gold,8631,2.9,8:31,1:20
126535,"July 23, 2026",sierra-gold,8632,3.5,8:21,1:09
126538,"July 23, 2026",sierra-gold,8633,3.4,8:04,1:18
126367,"July 22, 2026",sierra-gold,8431,0.6,7:35,0:16
126368,"July 22, 2026",sierra-gold,8432,0.3,7:39,0:06
126334,"July 22, 2026",sierra-gold,8433,4.4,8:39,1:53
126335,"July 22, 2026",sierra-gold,8472,4.2,8:37,1:40
126336,"July 22, 2026",sierra-gold,8475,5.8,8:38,2:11
126337,"July 22, 2026",sierra-gold,8480,3.7,8:38,1:29
126341,"July 22, 2026",sierra-gold,8631,4.0,8:38,1:37
126342,"July 22, 2026",sierra-gold,8632,3.6,8:37,1:30
126408,"July 22, 2026",sierra-gold,8633,1.2,2:47,0:27
126141,"July 21, 2026",sierra-gold,8431,3.8,8:15,1:28
126142,"July 21, 2026",sierra-gold,8432,4.9,8:15,1:51
126132,"July 21, 2026",sierra-gold,8433,4.1,8:33,1:44
126133,"July 21, 2026",sierra-gold,8472,4.5,8:37,1:49
126134,"July 21, 2026",sierra-gold,8475,5.5,8:39,2:03
126135,"July 21, 2026",sierra-gold,8480,4.3,8:29,1:43
126138,"July 21, 2026",sierra-gold,8631,4.1,8:38,1:46
126139,"July 21, 2026",sierra-gold,8632,3.0,7:31,1:20
126153,"July 21, 2026",sierra-gold,8633,2.9,8:33,1:13
125955,"July 20, 2026",sierra-gold,8431,4.6,8:02,1:38
125956,"July 20, 2026",sierra-gold,8432,3.1,7:36,1:01
125926,"July 20, 2026",sierra-gold,8433,4.0,8:37,1:39
125927,"July 20, 2026",sierra-gold,8472,4.4,8:37,1:39
125928,"July 20, 2026",sierra-gold,8475,5.3,8:35,2:03
125929,"July 20, 2026",sierra-gold,8480,3.3,8:02,1:19
125930,"July 20, 2026",sierra-gold,8631,3.8,8:19,1:32
125931,"July 20, 2026",sierra-gold,8632,3.6,8:22,1:28
125949,"July 20, 2026",sierra-gold,8633,3.9,8:10,1:30
125674,"July 17, 2026",sierra-gold,8431,5.3,8:27,1:37
125675,"July 17, 2026",sierra-gold,8432,5.3,7:49,1:37
125655,"July 17, 2026",sierra-gold,8433,5.3,8:31,2:04
125663,"July 17, 2026",sierra-gold,8472,5.6,8:43,2:11
125664,"July 17, 2026",sierra-gold,8475,7.0,8:34,2:23
125665,"July 17, 2026",sierra-gold,8480,5.6,8:21,2:02
125666,"July 17, 2026",sierra-gold,8631,5.5,8:23,2:04
125667,"July 17, 2026",sierra-gold,8632,4.8,8:17,1:48
125668,"July 17, 2026",sierra-gold,8633,5.7,8:02,1:53
125472,"July 16, 2026",sierra-gold,8431,0.9,7:36,0:27
125473,"July 16, 2026",sierra-gold,8432,1.1,7:51,0:31
125500,"July 16, 2026",sierra-gold,8433,3.6,5:12,1:15
125450,"July 16, 2026",sierra-gold,8472,5.8,8:35,2:06
125451,"July 16, 2026",sierra-gold,8475,5.7,8:32,2:05
125452,"July 16, 2026",sierra-gold,8480,5.7,8:26,2:00
125459,"July 16, 2026",sierra-gold,8631,4.8,8:26,1:47
125493,"July 16, 2026",sierra-gold,8632,5.9,7:58,1:57
125494,"July 16, 2026",sierra-gold,8633,5.5,7:58,2:10
125287,"July 15, 2026",sierra-gold,8431,4.5,6:39,1:50
125347,"July 15, 2026",sierra-gold,8432,0.0,0:02,0:00
125255,"July 15, 2026",sierra-gold,8433,1.6,7:07,0:41
125256,"July 15, 2026",sierra-gold,8472,2.4,3:08,0:51
125257,"July 15, 2026",sierra-gold,8475,6.5,7:05,2:22
125258,"July 15, 2026",sierra-gold,8480,2.4,3:02,0:50
125261,"July 15, 2026",sierra-gold,8631,1.8,7:01,0:42
125288,"July 15, 2026",sierra-gold,8632,0.6,6:20,0:11
125280,"July 15, 2026",sierra-gold,8633,4.4,6:50,1:58
125072,"July 14, 2026",sierra-gold,8431,6.4,6:51,2:13
125073,"July 14, 2026",sierra-gold,8432,0.3,6:41,0:06
125049,"July 14, 2026",sierra-gold,8433,5.3,7:06,1:58
124977,"July 14, 2026",sierra-gold,8472,6.5,12:44,2:14
125050,"July 14, 2026",sierra-gold,8475,8.6,7:10,2:50
125051,"July 14, 2026",sierra-gold,8480,6.2,6:55,2:06
125052,"July 14, 2026",sierra-gold,8631,2.2,7:02,0:51
125053,"July 14, 2026",sierra-gold,8632,3.8,6:25,1:18
125077,"July 14, 2026",sierra-gold,8633,6.2,6:26,2:22
124848,"July 13, 2026",sierra-gold,8431,5.3,8:11,1:33
124849,"July 13, 2026",sierra-gold,8432,4.7,8:01,1:24
124832,"July 13, 2026",sierra-gold,8433,2.2,8:37,0:48
124833,"July 13, 2026",sierra-gold,8472,4.2,18:06,1:30
124834,"July 13, 2026",sierra-gold,8475,4.3,8:36,1:31
124835,"July 13, 2026",sierra-gold,8480,4.1,8:36,1:28
124836,"July 13, 2026",sierra-gold,8631,5.5,8:20,1:32
124837,"July 13, 2026",sierra-gold,8632,3.7,8:31,1:22
124850,"July 13, 2026",sierra-gold,8633,1.5,8:19,0:35
124580,"July 10, 2026",sierra-gold,8431,5.9,8:17,1:44
124581,"July 10, 2026",sierra-gold,8432,5.6,8:14,1:38
124562,"July 10, 2026",sierra-gold,8433,7.2,8:40,2:50
124563,"July 10, 2026",sierra-gold,8472,7.8,8:39,2:54
124564,"July 10, 2026",sierra-gold,8475,8.2,8:33,2:58
124565,"July 10, 2026",sierra-gold,8480,7.4,8:41,2:42
124582,"July 10, 2026",sierra-gold,8631,5.6,8:20,1:38
124567,"July 10, 2026",sierra-gold,8632,7.0,8:32,2:36
124574,"July 10, 2026",sierra-gold,8633,6.9,8:35,2:44
124413,"July 9, 2026",sierra-gold,8431,4.0,7:52,1:15
124414,"July 9, 2026",sierra-gold,8432,4.7,8:13,1:27
124405,"July 9, 2026",sierra-gold,8433,5.6,8:30,2:17
124393,"July 9, 2026",sierra-gold,8472,6.3,8:36,2:23
124394,"July 9, 2026",sierra-gold,8475,7.6,8:33,2:44
124395,"July 9, 2026",sierra-gold,8480,6.4,8:38,2:19
124396,"July 9, 2026",sierra-gold,8631,4.7,8:36,1:26
124397,"July 9, 2026",sierra-gold,8632,6.7,8:36,2:27
124418,"July 9, 2026",sierra-gold,8633,6.1,8:19,2:48
124219,"July 8, 2026",sierra-gold,8431,4.8,8:04,1:29
124220,"July 8, 2026",sierra-gold,8432,5.6,8:09,1:38
124302,"July 8, 2026",sierra-gold,8433,0.0,0:27,0:01
124195,"July 8, 2026",sierra-gold,8472,5.1,8:29,2:00
124196,"July 8, 2026",sierra-gold,8475,5.8,8:30,2:14
124197,"July 8, 2026",sierra-gold,8480,6.2,8:44,2:17
124198,"July 8, 2026",sierra-gold,8631,5.3,8:39,1:33
124211,"July 8, 2026",sierra-gold,8632,4.8,8:33,1:52
124228,"July 8, 2026",sierra-gold,8633,3.1,7:32,1:18
124022,"July 7, 2026",sierra-gold,8431,5.3,8:13,1:39
124023,"July 7, 2026",sierra-gold,8432,5.2,8:21,1:34
124024,"July 7, 2026",sierra-gold,8433,1.4,7:18,0:37
124004,"July 7, 2026",sierra-gold,8472,6.2,8:32,2:04
124005,"July 7, 2026",sierra-gold,8475,7.1,8:37,2:21
124006,"July 7, 2026",sierra-gold,8480,5.2,8:37,1:48
124008,"July 7, 2026",sierra-gold,8631,5.3,8:38,1:36
124011,"July 7, 2026",sierra-gold,8632,6.0,8:19,1:58
124012,"July 7, 2026",sierra-gold,8633,1.1,8:17,0:32
123834,"July 6, 2026",sierra-gold,8431,6.3,8:21,1:52
123835,"July 6, 2026",sierra-gold,8432,5.4,8:10,1:38
123836,"July 6, 2026",sierra-gold,8433,1.0,8:10,0:28
123820,"July 6, 2026",sierra-gold,8472,6.3,8:39,2:11
123821,"July 6, 2026",sierra-gold,8475,6.7,8:39,2:21
123822,"July 6, 2026",sierra-gold,8480,5.9,8:33,2:08
123823,"July 6, 2026",sierra-gold,8631,4.4,8:34,1:21
123824,"July 6, 2026",sierra-gold,8632,1.0,7:31,0:25
123825,"July 6, 2026",sierra-gold,8633,5.0,8:34,2:00
123479,"July 2, 2026",sierra-gold,8431,6.4,8:02,1:56
123480,"July 2, 2026",sierra-gold,8432,5.6,7:51,1:38
123507,"July 2, 2026",sierra-gold,8433,0.3,6:25,0:11
123458,"July 2, 2026",sierra-gold,8472,4.2,8:38,1:34
123459,"July 2, 2026",sierra-gold,8475,4.6,8:40,1:36
123460,"July 2, 2026",sierra-gold,8480,4.3,8:40,1:38
123483,"July 2, 2026",sierra-gold,8631,6.3,8:21,1:52
123472,"July 2, 2026",sierra-gold,8632,0.9,2:47,0:19
123462,"July 2, 2026",sierra-gold,8633,3.4,8:42,1:24
123267,"July 1, 2026",sierra-gold,8431,6.5,8:03,1:55
123268,"July 1, 2026",sierra-gold,8432,6.4,8:21,1:53
123326,"July 1, 2026",sierra-gold,8433,0.4,3:04,0:08
123261,"July 1, 2026",sierra-gold,8472,2.9,8:30,1:21
123262,"July 1, 2026",sierra-gold,8475,3.0,8:09,1:19
123263,"July 1, 2026",sierra-gold,8480,2.7,8:32,1:12
123272,"July 1, 2026",sierra-gold,8631,5.4,7:49,1:36
123275,"July 1, 2026",sierra-gold,8632,0.3,7:36,0:09
123264,"July 1, 2026",sierra-gold,8633,1.4,8:07,0:41
123065,"June 30, 2026",sierra-gold,8431,5.5,7:47,1:40
123066,"June 30, 2026",sierra-gold,8432,6.5,8:22,1:53
123099,"June 30, 2026",sierra-gold,8433,1.5,6:35,0:38
123057,"June 30, 2026",sierra-gold,8472,4.3,8:40,1:37
123058,"June 30, 2026",sierra-gold,8475,4.3,8:40,1:40
123059,"June 30, 2026",sierra-gold,8480,4.4,8:35,1:40
123061,"June 30, 2026",sierra-gold,8631,6.3,8:39,1:51
123062,"June 30, 2026",sierra-gold,8632,1.5,1:51,0:32
123063,"June 30, 2026",sierra-gold,8633,4.6,8:36,1:50
122892,"June 29, 2026",sierra-gold,8431,5.5,8:27,1:42
122893,"June 29, 2026",sierra-gold,8432,4.6,8:10,1:25
122878,"June 29, 2026",sierra-gold,8433,2.8,8:37,1:09
122879,"June 29, 2026",sierra-gold,8472,6.8,8:28,2:31
122880,"June 29, 2026",sierra-gold,8475,7.9,8:38,2:46
122881,"June 29, 2026",sierra-gold,8480,7.1,8:38,2:35
122886,"June 29, 2026",sierra-gold,8631,5.2,8:22,1:39
122887,"June 29, 2026",sierra-gold,8632,7.3,8:36,2:37
122888,"June 29, 2026",sierra-gold,8633,6.3,8:32,2:28
122565,"June 26, 2026",sierra-gold,8431,5.3,8:28,1:48
122566,"June 26, 2026",sierra-gold,8432,5.4,8:03,1:44
122567,"June 26, 2026",sierra-gold,8433,6.6,8:42,2:38
122573,"June 26, 2026",sierra-gold,8472,6.8,8:40,2:39
122574,"June 26, 2026",sierra-gold,8475,7.8,8:36,2:52
122578,"June 26, 2026",sierra-gold,8480,6.6,8:38,2:34
122620,"June 26, 2026",sierra-gold,8631,5.0,7:55,1:38
122621,"June 26, 2026",sierra-gold,8632,6.3,8:41,2:20
122622,"June 26, 2026",sierra-gold,8633,5.5,8:32,2:18
122432,"June 25, 2026",sierra-gold,8431,5.4,8:18,1:55
122433,"June 25, 2026",sierra-gold,8432,4.7,8:48,1:38
122480,"June 25, 2026",sierra-gold,8433,2.6,6:12,1:10
122426,"June 25, 2026",sierra-gold,8472,4.8,8:37,1:50
122427,"June 25, 2026",sierra-gold,8475,5.3,8:35,2:01
122428,"June 25, 2026",sierra-gold,8480,4.9,8:42,2:01
122434,"June 25, 2026",sierra-gold,8631,5.1,8:48,1:49
122512,"June 25, 2026",sierra-gold,8632,1.2,1:41,0:29
122429,"June 25, 2026",sierra-gold,8633,5.1,8:44,2:11
122166,"June 24, 2026",sierra-gold,8431,4.0,14:49,1:25
122258,"June 24, 2026",sierra-gold,8432,4.2,8:33,1:34
122310,"June 24, 2026",sierra-gold,8433,0.5,1:13,0:17
122245,"June 24, 2026",sierra-gold,8472,5.3,8:33,2:07
122246,"June 24, 2026",sierra-gold,8475,6.1,8:38,2:20
122247,"June 24, 2026",sierra-gold,8480,4.4,8:34,1:46
122249,"June 24, 2026",sierra-gold,8631,4.5,8:40,1:42
122250,"June 24, 2026",sierra-gold,8632,5.0,8:38,2:00
122251,"June 24, 2026",sierra-gold,8633,5.3,8:38,2:17
122058,"June 23, 2026",sierra-gold,8431,3.2,17:30,1:20
122059,"June 23, 2026",sierra-gold,8432,3.5,10:41,1:23
122049,"June 23, 2026",sierra-gold,8433,2.1,8:24,0:48
122050,"June 23, 2026",sierra-gold,8472,4.8,8:31,1:55
122051,"June 23, 2026",sierra-gold,8475,6.2,8:33,2:22
122052,"June 23, 2026",sierra-gold,8480,5.1,8:45,2:04
122053,"June 23, 2026",sierra-gold,8631,2.5,8:09,1:04
122061,"June 23, 2026",sierra-gold,8632,5.4,8:19,2:07
122054,"June 23, 2026",sierra-gold,8633,3.2,8:08,1:23
121792,"June 22, 2026",sierra-gold,8431,4.2,15:07,1:41
121856,"June 22, 2026",sierra-gold,8432,6.4,8:54,2:27
121851,"June 22, 2026",sierra-gold,8433,5.8,8:32,2:21
121852,"June 22, 2026",sierra-gold,8472,5.3,8:27,1:57
121853,"June 22, 2026",sierra-gold,8475,6.4,7:57,2:20
121854,"June 22, 2026",sierra-gold,8480,6.0,7:55,2:13
121862,"June 22, 2026",sierra-gold,8631,5.1,8:22,1:56
121863,"June 22, 2026",sierra-gold,8632,4.0,7:52,1:31
121855,"June 22, 2026",sierra-gold,8633,5.9,8:34,2:14
121716,"June 21, 2026",sierra-gold,8431,0.0,23:55,0:00
121639,"June 20, 2026",sierra-gold,8431,0.0,23:55,0:00
121570,"June 19, 2026",sierra-gold,8431,3.9,14:37,1:39
121574,"June 19, 2026",sierra-gold,8432,4.9,8:04,2:03
121560,"June 19, 2026",sierra-gold,8433,4.3,8:37,1:50
121561,"June 19, 2026",sierra-gold,8472,5.2,8:41,2:07
121562,"June 19, 2026",sierra-gold,8475,3.9,8:43,1:27
121563,"June 19, 2026",sierra-gold,8480,3.0,8:43,1:18
121572,"June 19, 2026",sierra-gold,8631,3.6,7:52,1:28
121573,"June 19, 2026",sierra-gold,8632,4.0,8:07,1:38
121564,"June 19, 2026",sierra-gold,8633,2.9,8:35,1:19
121337,"June 18, 2026",sierra-gold,8431,7.3,14:42,2:28
121338,"June 18, 2026",sierra-gold,8432,4.9,14:20,2:04
121339,"June 18, 2026",sierra-gold,8433,3.5,14:20,1:28
121340,"June 18, 2026",sierra-gold,8472,5.5,14:20,2:11
121341,"June 18, 2026",sierra-gold,8475,5.9,14:20,2:11
121342,"June 18, 2026",sierra-gold,8480,5.0,14:30,2:06
121329,"June 18, 2026",sierra-gold,8631,5.5,14:08,1:51
121330,"June 18, 2026",sierra-gold,8632,4.9,14:31,1:44
121331,"June 18, 2026",sierra-gold,8633,4.8,14:20,2:11
121238,"June 17, 2026",sierra-gold,8431,5.6,16:40,1:52
121283,"June 17, 2026",sierra-gold,8432,1.4,14:33,0:28
121277,"June 17, 2026",sierra-gold,8433,0.9,14:20,0:24
121234,"June 17, 2026",sierra-gold,8472,5.9,17:15,2:16
121235,"June 17, 2026",sierra-gold,8475,6.6,17:16,2:33
121236,"June 17, 2026",sierra-gold,8480,5.7,17:12,2:16
121243,"June 17, 2026",sierra-gold,8631,5.8,14:14,2:07
121244,"June 17, 2026",sierra-gold,8632,5.0,13:49,1:49
121286,"June 17, 2026",sierra-gold,8633,1.6,9:50,0:35
121073,"June 16, 2026",sierra-gold,8431,6.6,8:52,1:57
121114,"June 16, 2026",sierra-gold,8432,3.2,5:36,0:59
121074,"June 16, 2026",sierra-gold,8433,0.5,1:53,0:15
121069,"June 16, 2026",sierra-gold,8472,8.4,8:34,3:07
121070,"June 16, 2026",sierra-gold,8475,10.0,8:37,3:29
121071,"June 16, 2026",sierra-gold,8480,8.3,8:38,2:59
121075,"June 16, 2026",sierra-gold,8631,6.5,8:00,1:58
121076,"June 16, 2026",sierra-gold,8632,5.7,7:49,1:44
121115,"June 16, 2026",sierra-gold,8633,3.2,5:37,1:05
120887,"June 15, 2026",sierra-gold,8431,4.7,8:09,1:27
120942,"June 15, 2026",sierra-gold,8433,0.7,2:54,0:18
120881,"June 15, 2026",sierra-gold,8472,6.8,8:32,2:41
120882,"June 15, 2026",sierra-gold,8475,8.0,8:36,2:52
120883,"June 15, 2026",sierra-gold,8480,6.7,8:37,2:26
120892,"June 15, 2026",sierra-gold,8631,4.6,8:04,1:34
120893,"June 15, 2026",sierra-gold,8632,4.6,8:21,1:23
120894,"June 15, 2026",sierra-gold,8633,1.7,1:37,0:39
120545,"June 12, 2026",sierra-gold,8431,5.9,8:14,1:54
120540,"June 12, 2026",sierra-gold,8432,5.3,8:23,1:38
120626,"June 12, 2026",sierra-gold,8433,0.3,1:03,0:08
120537,"June 12, 2026",sierra-gold,8472,7.1,8:35,2:41
120538,"June 12, 2026",sierra-gold,8475,7.9,8:33,2:54
120539,"June 12, 2026",sierra-gold,8480,7.5,8:38,2:47
120546,"June 12, 2026",sierra-gold,8631,5.4,8:15,1:41
120547,"June 12, 2026",sierra-gold,8632,5.2,7:51,1:37
120542,"June 12, 2026",sierra-gold,8633,5.3,8:25,1:41
120371,"June 11, 2026",sierra-gold,8431,3.2,8:04,1:24
120382,"June 11, 2026",sierra-gold,8432,5.5,8:18,1:42
120365,"June 11, 2026",sierra-gold,8472,5.6,8:38,2:25
120366,"June 11, 2026",sierra-gold,8475,7.2,8:30,2:54
120367,"June 11, 2026",sierra-gold,8480,5.5,8:34,2:22
120376,"June 11, 2026",sierra-gold,8631,3.5,8:08,1:31
120377,"June 11, 2026",sierra-gold,8632,3.5,8:18,1:35
120383,"June 11, 2026",sierra-gold,8633,4.5,8:12,1:25
120154,"June 10, 2026",sierra-gold,8431,3.7,8:22,1:33
120143,"June 10, 2026",sierra-gold,8432,2.4,8:36,0:58
120193,"June 10, 2026",sierra-gold,8433,1.7,6:47,0:46
120144,"June 10, 2026",sierra-gold,8472,5.7,8:41,2:23
120145,"June 10, 2026",sierra-gold,8475,6.1,8:31,2:35
120146,"June 10, 2026",sierra-gold,8480,5.7,8:38,2:23
120159,"June 10, 2026",sierra-gold,8631,3.4,7:52,1:22
120160,"June 10, 2026",sierra-gold,8632,3.5,7:51,1:25
120149,"June 10, 2026",sierra-gold,8633,2.1,8:34,0:50
119958,"June 9, 2026",sierra-gold,8431,4.0,8:22,1:38
119951,"June 9, 2026",sierra-gold,8432,2.6,8:39,0:59
119957,"June 9, 2026",sierra-gold,8433,0.7,2:48,0:18
119953,"June 9, 2026",sierra-gold,8472,4.2,8:41,1:46
119954,"June 9, 2026",sierra-gold,8475,5.5,8:39,2:06
119955,"June 9, 2026",sierra-gold,8480,4.6,8:39,1:52
119959,"June 9, 2026",sierra-gold,8631,3.9,8:05,1:32
119960,"June 9, 2026",sierra-gold,8632,5.0,7:51,1:56
119952,"June 9, 2026",sierra-gold,8633,3.5,8:29,1:21
119777,"June 8, 2026",sierra-gold,8431,6.2,8:22,1:50
119767,"June 8, 2026",sierra-gold,8432,4.9,8:10,1:49
119792,"June 8, 2026",sierra-gold,8433,2.2,3:03,0:50
119768,"June 8, 2026",sierra-gold,8472,3.9,8:47,1:36
119769,"June 8, 2026",sierra-gold,8475,3.9,8:46,1:27
119770,"June 8, 2026",sierra-gold,8480,3.5,8:45,1:27
119781,"June 8, 2026",sierra-gold,8631,5.6,7:52,1:41
119782,"June 8, 2026",sierra-gold,8632,4.6,7:48,1:22
119771,"June 8, 2026",sierra-gold,8633,4.8,8:21,1:48
119618,"June 6, 2026",sierra-gold,8432,0.7,5:49,0:13
119615,"June 6, 2026",sierra-gold,8472,3.6,8:01,1:21
119616,"June 6, 2026",sierra-gold,8475,3.7,8:04,1:27
119617,"June 6, 2026",sierra-gold,8480,3.8,8:03,1:30
119622,"June 6, 2026",sierra-gold,8631,0.6,5:24,0:13
119619,"June 6, 2026",sierra-gold,8633,0.6,5:49,0:12
119500,"June 5, 2026",sierra-gold,8431,5.7,8:22,1:39
119490,"June 5, 2026",sierra-gold,8432,3.3,8:12,1:11
119501,"June 5, 2026",sierra-gold,8433,7.0,8:20,2:19
119491,"June 5, 2026",sierra-gold,8472,6.1,8:43,2:15
119492,"June 5, 2026",sierra-gold,8475,7.9,8:42,2:48
119493,"June 5, 2026",sierra-gold,8480,7.4,8:42,2:36
119504,"June 5, 2026",sierra-gold,8631,5.6,7:52,1:40
119505,"June 5, 2026",sierra-gold,8632,5.2,7:51,1:38
119494,"June 5, 2026",sierra-gold,8633,3.6,8:09,1:14
119316,"June 4, 2026",sierra-gold,8431,5.7,8:08,1:47
119317,"June 4, 2026",sierra-gold,8432,8.7,8:25,2:39
119358,"June 4, 2026",sierra-gold,8433,1.6,6:41,0:47
119308,"June 4, 2026",sierra-gold,8472,7.9,8:41,2:48
119309,"June 4, 2026",sierra-gold,8475,8.4,8:40,2:57
119310,"June 4, 2026",sierra-gold,8480,8.0,8:38,2:43
119311,"June 4, 2026",sierra-gold,8631,5.4,8:09,1:41
119312,"June 4, 2026",sierra-gold,8632,5.7,8:39,1:46
119323,"June 4, 2026",sierra-gold,8633,1.7,8:13,0:46
119134,"June 3, 2026",sierra-gold,8431,4.3,7:52,1:24
119145,"June 3, 2026",sierra-gold,8432,3.5,7:54,1:33
119146,"June 3, 2026",sierra-gold,8433,2.5,8:09,1:06
119128,"June 3, 2026",sierra-gold,8472,5.5,8:40,2:15
119129,"June 3, 2026",sierra-gold,8475,7.0,8:41,2:50
119130,"June 3, 2026",sierra-gold,8480,5.5,8:41,2:15
119138,"June 3, 2026",sierra-gold,8631,4.7,8:21,1:31
119139,"June 3, 2026",sierra-gold,8632,4.3,8:02,1:25
119140,"June 3, 2026",sierra-gold,8633,2.2,8:08,1:05
118942,"June 2, 2026",sierra-gold,8431,5.4,7:51,1:43
118936,"June 2, 2026",sierra-gold,8472,6.8,8:34,2:36
118937,"June 2, 2026",sierra-gold,8475,8.2,8:34,3:03
118938,"June 2, 2026",sierra-gold,8480,6.8,8:34,2:34
118946,"June 2, 2026",sierra-gold,8631,5.1,8:21,1:37
118947,"June 2, 2026",sierra-gold,8632,4.0,8:10,1:18
118940,"June 2, 2026",sierra-gold,8633,0.3,7:45,0:08
118765,"June 1, 2026",sierra-gold,8431,5.7,7:17,1:45
118766,"June 1, 2026",sierra-gold,8432,1.0,7:58,0:21
118767,"June 1, 2026",sierra-gold,8433,5.3,7:32,1:44
118762,"June 1, 2026",sierra-gold,8472,6.2,8:39,2:23
118763,"June 1, 2026",sierra-gold,8475,7.3,8:37,2:42
118764,"June 1, 2026",sierra-gold,8480,6.5,8:38,2:24
118768,"June 1, 2026",sierra-gold,8631,5.1,8:32,1:44
118769,"June 1, 2026",sierra-gold,8632,5.4,7:16,1:44
118770,"June 1, 2026",sierra-gold,8633,4.4,8:01,1:35
118615,"May 30, 2026",sierra-gold,8472,4.4,8:38,1:56
118616,"May 30, 2026",sierra-gold,8475,5.7,8:41,2:22
118617,"May 30, 2026",sierra-gold,8480,4.8,8:37,2:02
118468,"May 29, 2026",sierra-gold,8431,5.4,8:28,1:42
118469,"May 29, 2026",sierra-gold,8432,1.7,8:11,0:34
118503,"May 29, 2026",sierra-gold,8433,4.3,7:18,1:22
118457,"May 29, 2026",sierra-gold,8472,3.3,8:37,1:30
118458,"May 29, 2026",sierra-gold,8475,4.2,8:37,1:47
118459,"May 29, 2026",sierra-gold,8480,3.4,8:35,1:31
118474,"May 29, 2026",sierra-gold,8631,3.8,8:06,1:16
118475,"May 29, 2026",sierra-gold,8632,5.9,8:28,1:49
118476,"May 29, 2026",sierra-gold,8633,3.7,8:21,1:14
118279,"May 28, 2026",sierra-gold,8431,4.6,8:28,1:41
118280,"May 28, 2026",sierra-gold,8432,3.4,7:50,1:19
118342,"May 28, 2026",sierra-gold,8433,1.2,6:35,0:27
118272,"May 28, 2026",sierra-gold,8472,5.3,8:37,2:01
118273,"May 28, 2026",sierra-gold,8475,5.9,8:23,2:05
118274,"May 28, 2026",sierra-gold,8480,5.9,8:33,2:06
118285,"May 28, 2026",sierra-gold,8631,3.8,8:04,1:28
118286,"May 28, 2026",sierra-gold,8632,2.1,8:10,0:45
118118,"May 27, 2026",sierra-gold,8431,3.4,8:10,1:25
118119,"May 27, 2026",sierra-gold,8432,3.7,8:05,1:28
118170,"May 27, 2026",sierra-gold,8433,0.7,3:01,0:21
118114,"May 27, 2026",sierra-gold,8472,6.7,8:33,2:34
118115,"May 27, 2026",sierra-gold,8475,7.8,8:35,2:48
118116,"May 27, 2026",sierra-gold,8480,5.9,8:34,2:15
118037,"May 27, 2026",sierra-gold,8631,0.1,14:17,0:02
118124,"May 27, 2026",sierra-gold,8632,0.0,8:33,0:00
118125,"May 27, 2026",sierra-gold,8633,3.4,8:15,1:29
117915,"May 26, 2026",sierra-gold,8431,5.1,8:07,1:42
117916,"May 26, 2026",sierra-gold,8432,5.8,8:11,1:54
117910,"May 26, 2026",sierra-gold,8472,7.0,8:38,2:34
117911,"May 26, 2026",sierra-gold,8475,8.3,8:39,2:57
117912,"May 26, 2026",sierra-gold,8480,7.5,8:46,2:43
117919,"May 26, 2026",sierra-gold,8631,4.1,14:40,1:47
117920,"May 26, 2026",sierra-gold,8632,0.7,7:51,0:16
117510,"May 22, 2026",sierra-gold,8431,5.0,8:08,1:50
117511,"May 22, 2026",sierra-gold,8432,4.8,7:53,1:41
117520,"May 22, 2026",sierra-gold,8433,0.0,4:09,0:01
117506,"May 22, 2026",sierra-gold,8472,4.3,8:36,1:35
117507,"May 22, 2026",sierra-gold,8475,5.6,8:37,2:02
117508,"May 22, 2026",sierra-gold,8480,4.3,8:37,1:35
117514,"May 22, 2026",sierra-gold,8631,0.7,7:40,0:13
117515,"May 22, 2026",sierra-gold,8632,5.6,8:17,1:50
117336,"May 21, 2026",sierra-gold,8431,5.0,8:04,1:50
117337,"May 21, 2026",sierra-gold,8432,4.3,8:08,1:33
117331,"May 21, 2026",sierra-gold,8472,5.9,8:26,2:16
117332,"May 21, 2026",sierra-gold,8475,5.8,8:29,2:07
117333,"May 21, 2026",sierra-gold,8480,5.2,8:27,1:57
117339,"May 21, 2026",sierra-gold,8631,4.7,8:28,1:35
117340,"May 21, 2026",sierra-gold,8632,0.1,7:51,0:03
117400,"May 21, 2026",sierra-gold,8633,1.3,3:02,0:30
117139,"May 20, 2026",sierra-gold,8431,5.4,8:19,2:00
117144,"May 20, 2026",sierra-gold,8432,0.2,7:32,0:06
117178,"May 20, 2026",sierra-gold,8433,1.3,4:39,0:35
117130,"May 20, 2026",sierra-gold,8472,6.0,8:40,2:20
117131,"May 20, 2026",sierra-gold,8475,6.6,8:39,2:31
117132,"May 20, 2026",sierra-gold,8480,6.0,8:41,2:21
117143,"May 20, 2026",sierra-gold,8631,4.2,8:12,1:32
117136,"May 20, 2026",sierra-gold,8632,4.1,7:50,1:32
116878,"May 19, 2026",sierra-gold,8431,5.0,8:02,1:47
116879,"May 19, 2026",sierra-gold,8432,4.7,7:52,1:44
116873,"May 19, 2026",sierra-gold,8472,6.0,8:34,2:17
116874,"May 19, 2026",sierra-gold,8475,6.1,8:34,2:16
116875,"May 19, 2026",sierra-gold,8480,5.3,8:31,2:00
116883,"May 19, 2026",sierra-gold,8631,5.5,8:15,1:51
116884,"May 19, 2026",sierra-gold,8632,0.2,7:51,0:06
116705,"May 18, 2026",sierra-gold,8431,4.5,8:03,1:45
116706,"May 18, 2026",sierra-gold,8432,5.8,8:21,2:00
116699,"May 18, 2026",sierra-gold,8472,5.9,8:45,2:16
116696,"May 18, 2026",sierra-gold,8475,6.7,8:40,2:27
116697,"May 18, 2026",sierra-gold,8480,5.6,8:35,2:13
116708,"May 18, 2026",sierra-gold,8631,5.0,8:08,1:44
116710,"May 18, 2026",sierra-gold,8632,0.2,7:32,0:05
116380,"May 15, 2026",sierra-gold,8431,3.3,7:52,1:09
116381,"May 15, 2026",sierra-gold,8432,5.3,8:30,1:55
116375,"May 15, 2026",sierra-gold,8433,3.8,7:46,1:26
116372,"May 15, 2026",sierra-gold,8472,5.6,8:28,2:07
116373,"May 15, 2026",sierra-gold,8475,7.3,8:29,2:35
116374,"May 15, 2026",sierra-gold,8480,6.3,8:33,2:23
116383,"May 15, 2026",sierra-gold,8631,4.5,8:04,1:35
116378,"May 15, 2026",sierra-gold,8632,2.4,7:42,0:53
116384,"May 15, 2026",sierra-gold,8633,1.9,7:45,0:44
116206,"May 14, 2026",sierra-gold,8431,5.7,8:10,1:55
116263,"May 14, 2026",sierra-gold,8432,0.2,4:23,0:05
116261,"May 14, 2026",sierra-gold,8433,2.5,4:00,0:47
116197,"May 14, 2026",sierra-gold,8472,3.9,8:41,1:39
116198,"May 14, 2026",sierra-gold,8475,4.7,8:41,1:51
116199,"May 14, 2026",sierra-gold,8480,4.3,8:41,1:56
116210,"May 14, 2026",sierra-gold,8631,5.8,8:27,1:59
116211,"May 14, 2026",sierra-gold,8632,5.4,8:21,1:52
116256,"May 14, 2026",sierra-gold,8633,2.9,5:17,0:57
116029,"May 13, 2026",sierra-gold,8431,5.6,8:15,1:55
116030,"May 13, 2026",sierra-gold,8432,5.5,8:29,1:55
116023,"May 13, 2026",sierra-gold,8472,4.1,8:33,1:40
116024,"May 13, 2026",sierra-gold,8475,4.6,8:33,1:49
116025,"May 13, 2026",sierra-gold,8480,4.0,8:39,1:42
116072,"May 13, 2026",sierra-gold,8631,0.8,6:49,0:19
116035,"May 13, 2026",sierra-gold,8632,4.6,8:18,1:38
116073,"May 13, 2026",sierra-gold,8633,0.0,6:47,0:01
115853,"May 12, 2026",sierra-gold,8431,6.4,8:22,2:12
115854,"May 12, 2026",sierra-gold,8432,6.7,8:21,2:14
115840,"May 12, 2026",sierra-gold,8472,6.1,8:40,2:07
115841,"May 12, 2026",sierra-gold,8475,7.2,8:37,2:23
115842,"May 12, 2026",sierra-gold,8480,6.1,8:37,2:04
115870,"May 12, 2026",sierra-gold,8631,3.3,7:33,1:04
115856,"May 12, 2026",sierra-gold,8632,5.3,8:18,2:06
115871,"May 12, 2026",sierra-gold,8633,4.5,7:40,1:27
115668,"May 11, 2026",sierra-gold,8431,5.3,8:27,1:53
115680,"May 11, 2026",sierra-gold,8432,5.0,7:36,1:35
115659,"May 11, 2026",sierra-gold,8472,5.1,8:37,1:53
115660,"May 11, 2026",sierra-gold,8475,5.9,8:35,2:02
115661,"May 11, 2026",sierra-gold,8480,5.2,8:34,1:55
115670,"May 11, 2026",sierra-gold,8631,5.1,8:03,1:57
115666,"May 11, 2026",sierra-gold,8632,5.6,8:26,2:03
115673,"May 11, 2026",sierra-gold,8633,4.6,8:06,1:34
115395,"May 8, 2026",sierra-gold,8431,4.6,8:19,1:49
115396,"May 8, 2026",sierra-gold,8432,4.8,8:42,1:55
115392,"May 8, 2026",sierra-gold,8472,5.0,8:40,1:56
115393,"May 8, 2026",sierra-gold,8475,5.7,8:39,2:05
115394,"May 8, 2026",sierra-gold,8480,5.4,8:37,2:02
115432,"May 8, 2026",sierra-gold,8631,4.1,7:27,1:19
115398,"May 8, 2026",sierra-gold,8632,4.6,8:11,1:48
115433,"May 8, 2026",sierra-gold,8633,4.2,7:28,1:20
115231,"May 7, 2026",sierra-gold,8431,5.7,8:22,2:00
115232,"May 7, 2026",sierra-gold,8432,5.0,8:06,1:43
115275,"May 7, 2026",sierra-gold,8433,1.3,6:27,0:34
115224,"May 7, 2026",sierra-gold,8472,4.2,8:40,1:30
115227,"May 7, 2026",sierra-gold,8475,5.1,8:40,1:50
115228,"May 7, 2026",sierra-gold,8480,4.8,8:39,1:41
115271,"May 7, 2026",sierra-gold,8631,4.0,7:15,1:19
115233,"May 7, 2026",sierra-gold,8632,5.3,8:21,1:46
115272,"May 7, 2026",sierra-gold,8633,4.0,7:21,1:23
115052,"May 6, 2026",sierra-gold,8431,5.3,8:10,1:40
115053,"May 6, 2026",sierra-gold,8432,5.6,8:07,1:49
115056,"May 6, 2026",sierra-gold,8433,3.1,8:40,1:12
115047,"May 6, 2026",sierra-gold,8472,2.1,8:42,0:49
115048,"May 6, 2026",sierra-gold,8475,5.2,8:41,1:47
115049,"May 6, 2026",sierra-gold,8480,3.3,8:41,1:15
115057,"May 6, 2026",sierra-gold,8631,4.1,8:25,1:24
115054,"May 6, 2026",sierra-gold,8632,5.7,8:24,1:43
115055,"May 6, 2026",sierra-gold,8633,2.6,8:22,0:54
114889,"May 5, 2026",sierra-gold,8431,5.0,8:22,1:46
114890,"May 5, 2026",sierra-gold,8432,5.5,8:21,1:53
114918,"May 5, 2026",sierra-gold,8433,4.1,7:12,1:38
114881,"May 5, 2026",sierra-gold,8472,2.5,8:50,0:55
114882,"May 5, 2026",sierra-gold,8475,3.0,8:34,1:04
114883,"May 5, 2026",sierra-gold,8480,1.6,8:37,0:37
114891,"May 5, 2026",sierra-gold,8631,5.7,8:21,1:57
114928,"May 5, 2026",sierra-gold,8632,0.2,7:19,0:06
114914,"May 5, 2026",sierra-gold,8633,3.9,7:18,1:19
114711,"May 4, 2026",sierra-gold,8431,4.7,8:11,1:49
114712,"May 4, 2026",sierra-gold,8432,5.9,8:22,2:04
114795,"May 4, 2026",sierra-gold,8433,0.7,0:52,0:14
114707,"May 4, 2026",sierra-gold,8472,4.0,8:38,1:36
114708,"May 4, 2026",sierra-gold,8475,4.3,8:34,1:32
114709,"May 4, 2026",sierra-gold,8480,3.6,8:34,1:22
114714,"May 4, 2026",sierra-gold,8631,2.9,8:21,1:02
114715,"May 4, 2026",sierra-gold,8632,5.6,8:21,1:57
114716,"May 4, 2026",sierra-gold,8633,2.8,8:16,1:05
114451,"May 1, 2026",sierra-gold,8431,3.9,8:19,1:37
114452,"May 1, 2026",sierra-gold,8432,4.0,8:20,1:37
114448,"May 1, 2026",sierra-gold,8472,4.1,8:27,1:30
114449,"May 1, 2026",sierra-gold,8475,4.9,8:28,1:44
114450,"May 1, 2026",sierra-gold,8480,4.1,8:28,1:33
114393,"May 1, 2026",sierra-gold,8631,1.7,11:57,0:41
114446,"May 1, 2026",sierra-gold,8632,3.2,8:18,1:20
114394,"May 1, 2026",sierra-gold,8633,1.5,13:22,0:38
114281,"April 30, 2026",sierra-gold,8431,4.3,11:02,1:43
114282,"April 30, 2026",sierra-gold,8432,3.6,14:34,1:22
114337,"April 30, 2026",sierra-gold,8433,0.3,7:50,0:09
114278,"April 30, 2026",sierra-gold,8472,2.7,11:45,1:13
114279,"April 30, 2026",sierra-gold,8475,4.0,11:23,1:47
114280,"April 30, 2026",sierra-gold,8480,2.9,11:20,1:20
114345,"April 30, 2026",sierra-gold,8631,0.3,12:54,0:08
114284,"April 30, 2026",sierra-gold,8632,3.9,11:11,2:23
114376,"April 30, 2026",sierra-gold,8633,0.1,3:33,0:03
114129,"April 29, 2026",sierra-gold,8431,4.4,8:04,1:45
114130,"April 29, 2026",sierra-gold,8432,4.3,8:00,1:39
114131,"April 29, 2026",sierra-gold,8433,4.7,9:22,1:42
114123,"April 29, 2026",sierra-gold,8472,1.6,8:30,0:38
114124,"April 29, 2026",sierra-gold,8475,1.9,8:32,0:45
114125,"April 29, 2026",sierra-gold,8480,2.0,8:28,0:51
114209,"April 29, 2026",sierra-gold,8631,0.0,8:21,0:00
114189,"April 29, 2026",sierra-gold,8632,1.4,8:03,0:45
113960,"April 28, 2026",sierra-gold,8431,4.9,7:58,1:51
113961,"April 28, 2026",sierra-gold,8432,5.8,8:17,2:13
113962,"April 28, 2026",sierra-gold,8433,5.4,8:01,1:52
113954,"April 28, 2026",sierra-gold,8472,4.4,8:31,1:49
113955,"April 28, 2026",sierra-gold,8475,5.6,8:38,2:11
113956,"April 28, 2026",sierra-gold,8480,4.6,8:37,1:57
114025,"April 28, 2026",sierra-gold,8631,1.1,8:21,0:30
114045,"April 28, 2026",sierra-gold,8633,0.1,0:12,0:03
113783,"April 27, 2026",sierra-gold,8431,5.3,8:33,2:01
113784,"April 27, 2026",sierra-gold,8432,5.8,8:22,2:08
113785,"April 27, 2026",sierra-gold,8433,5.6,8:06,1:57
113781,"April 27, 2026",sierra-gold,8472,6.8,9:22,2:56
113782,"April 27, 2026",sierra-gold,8475,8.4,9:17,3:34
113780,"April 27, 2026",sierra-gold,8480,6.8,9:20,2:55
113786,"April 27, 2026",sierra-gold,8631,0.5,8:19,0:15
113792,"April 27, 2026",sierra-gold,8632,0.2,6:03,0:04
113793,"April 27, 2026",sierra-gold,8633,0.3,6:03,0:09
113424,"April 24, 2026",sierra-gold,8431,3.7,12:12,1:24
113425,"April 24, 2026",sierra-gold,8432,5.4,14:38,2:04
113426,"April 24, 2026",sierra-gold,8433,5.6,14:45,1:56
113427,"April 24, 2026",sierra-gold,8472,5.2,14:55,2:09
113428,"April 24, 2026",sierra-gold,8475,8.1,14:55,3:10
113429,"April 24, 2026",sierra-gold,8480,5.6,14:55,2:20
113418,"April 24, 2026",sierra-gold,8631,0.1,10:10,0:04
113419,"April 24, 2026",sierra-gold,8632,1.5,11:01,0:35
113420,"April 24, 2026",sierra-gold,8633,0.1,8:55,0:03
113325,"April 23, 2026",sierra-gold,8431,4.7,17:22,1:52
113326,"April 23, 2026",sierra-gold,8432,4.5,17:22,1:41
113327,"April 23, 2026",sierra-gold,8433,4.8,17:22,1:44
113322,"April 23, 2026",sierra-gold,8472,5.6,17:33,2:25
113323,"April 23, 2026",sierra-gold,8475,7.1,17:37,2:45
113324,"April 23, 2026",sierra-gold,8480,6.0,17:37,2:25
113359,"April 23, 2026",sierra-gold,8631,0.5,13:28,0:12
113360,"April 23, 2026",sierra-gold,8632,0.4,13:51,0:10
113361,"April 23, 2026",sierra-gold,8633,1.0,13:53,0:29
113149,"April 22, 2026",sierra-gold,8431,3.7,8:10,1:49
113150,"April 22, 2026",sierra-gold,8432,4.4,8:27,2:01
113151,"April 22, 2026",sierra-gold,8433,4.2,8:20,1:51
113141,"April 22, 2026",sierra-gold,8472,5.1,8:34,2:22
113142,"April 22, 2026",sierra-gold,8475,5.9,8:37,2:27
113143,"April 22, 2026",sierra-gold,8480,4.5,8:36,1:58
112914,"April 21, 2026",sierra-gold,8431,4.3,14:43,2:04
112915,"April 21, 2026",sierra-gold,8432,4.0,14:40,1:52
112916,"April 21, 2026",sierra-gold,8433,4.0,14:54,1:44
112917,"April 21, 2026",sierra-gold,8472,4.4,14:53,1:57
112918,"April 21, 2026",sierra-gold,8475,5.6,14:52,2:36
112919,"April 21, 2026",sierra-gold,8480,4.8,14:54,2:02
112813,"April 20, 2026",sierra-gold,8431,4.4,17:06,2:08
112814,"April 20, 2026",sierra-gold,8432,4.9,17:16,2:15
112815,"April 20, 2026",sierra-gold,8433,4.9,17:05,2:06
112808,"April 20, 2026",sierra-gold,8472,5.6,17:32,2:13
112809,"April 20, 2026",sierra-gold,8475,6.0,17:32,2:09
112810,"April 20, 2026",sierra-gold,8480,5.6,17:25,2:16
112572,"April 17, 2026",sierra-gold,8431,4.7,8:10,2:05
112573,"April 17, 2026",sierra-gold,8432,4.6,7:52,2:02
112574,"April 17, 2026",sierra-gold,8433,4.6,8:20,1:57
112557,"April 17, 2026",sierra-gold,8472,6.0,8:33,2:26
112558,"April 17, 2026",sierra-gold,8475,6.8,8:30,2:38
112559,"April 17, 2026",sierra-gold,8480,5.4,8:36,2:09
112401,"April 16, 2026",sierra-gold,8431,5.4,8:22,2:28
112402,"April 16, 2026",sierra-gold,8432,5.2,8:11,2:21
112403,"April 16, 2026",sierra-gold,8433,4.7,8:14,2:01
112390,"April 16, 2026",sierra-gold,8472,7.3,8:34,2:45
112391,"April 16, 2026",sierra-gold,8475,9.5,8:40,3:22
112389,"April 16, 2026",sierra-gold,8480,7.5,8:39,2:37
112240,"April 15, 2026",sierra-gold,8431,5.3,8:23,2:28
112241,"April 15, 2026",sierra-gold,8432,5.6,8:19,2:33
112242,"April 15, 2026",sierra-gold,8433,4.7,8:06,2:12
112203,"April 15, 2026",sierra-gold,8472,5.7,8:38,2:12
112204,"April 15, 2026",sierra-gold,8475,5.8,8:32,2:02
112205,"April 15, 2026",sierra-gold,8480,5.8,8:46,2:01
112032,"April 14, 2026",sierra-gold,8431,5.8,8:29,2:29
112033,"April 14, 2026",sierra-gold,8432,5.2,8:24,2:15
112034,"April 14, 2026",sierra-gold,8433,4.7,8:13,2:00
112009,"April 14, 2026",sierra-gold,8472,6.8,8:35,2:37
112010,"April 14, 2026",sierra-gold,8475,8.9,8:34,3:03
112011,"April 14, 2026",sierra-gold,8480,6.9,8:36,2:25
111839,"April 13, 2026",sierra-gold,8431,6.2,8:31,2:52
111840,"April 13, 2026",sierra-gold,8432,6.0,8:22,2:45
111841,"April 13, 2026",sierra-gold,8433,5.2,8:21,2:24
111817,"April 13, 2026",sierra-gold,8472,4.4,8:33,1:48
111818,"April 13, 2026",sierra-gold,8475,4.9,8:33,1:57
111819,"April 13, 2026",sierra-gold,8480,3.9,8:32,1:34
111556,"April 10, 2026",sierra-gold,8431,6.4,8:21,3:00
111557,"April 10, 2026",sierra-gold,8432,6.5,8:10,3:02
111558,"April 10, 2026",sierra-gold,8433,6.7,8:11,3:00
111543,"April 10, 2026",sierra-gold,8472,5.4,8:29,2:14
111544,"April 10, 2026",sierra-gold,8475,6.6,8:38,2:19
111545,"April 10, 2026",sierra-gold,8480,5.8,8:34,2:12
111367,"April 9, 2026",sierra-gold,8431,6.6,8:33,3:08
111368,"April 9, 2026",sierra-gold,8432,6.3,8:33,3:01
111369,"April 9, 2026",sierra-gold,8433,6.2,8:14,2:40
111348,"April 9, 2026",sierra-gold,8472,4.2,8:38,1:54
111349,"April 9, 2026",sierra-gold,8475,5.1,8:38,1:52
111350,"April 9, 2026",sierra-gold,8480,5.3,8:38,2:03
111176,"April 8, 2026",sierra-gold,8431,4.9,8:39,2:50
111177,"April 8, 2026",sierra-gold,8432,4.8,8:11,2:34
111178,"April 8, 2026",sierra-gold,8433,4.8,8:38,2:43
111179,"April 8, 2026",sierra-gold,8472,2.0,8:30,1:26
111180,"April 8, 2026",sierra-gold,8475,2.4,8:31,1:25
111184,"April 8, 2026",sierra-gold,8480,1.8,8:31,1:12
110981,"April 7, 2026",sierra-gold,8431,5.9,8:38,2:53
111003,"April 7, 2026",sierra-gold,8432,5.8,8:08,2:48
111004,"April 7, 2026",sierra-gold,8433,5.4,7:51,2:23
110982,"April 7, 2026",sierra-gold,8472,3.6,8:39,1:53
110983,"April 7, 2026",sierra-gold,8475,4.1,8:39,1:57
110984,"April 7, 2026",sierra-gold,8480,3.5,8:38,1:43
110845,"April 6, 2026",sierra-gold,8431,5.8,8:43,2:43
110846,"April 6, 2026",sierra-gold,8432,5.9,8:22,2:44
110847,"April 6, 2026",sierra-gold,8433,6.6,8:37,2:50
110828,"April 6, 2026",sierra-gold,8472,2.3,8:33,1:03
110829,"April 6, 2026",sierra-gold,8475,2.6,8:39,1:07
110833,"April 6, 2026",sierra-gold,8480,2.4,8:32,1:03
110621,"April 3, 2026",sierra-gold,8431,5.0,7:53,2:23
110622,"April 3, 2026",sierra-gold,8432,5.8,8:03,2:40
110623,"April 3, 2026",sierra-gold,8433,6.0,8:09,2:39
110606,"April 3, 2026",sierra-gold,8472,4.7,8:29,2:13
110607,"April 3, 2026",sierra-gold,8475,5.8,8:34,2:19
110610,"April 3, 2026",sierra-gold,8480,4.5,8:33,1:52
110559,"April 3, 2026",sierra-gold,8631,0.2,1:14,0:06
110493,"April 2, 2026",sierra-gold,8431,4.9,8:23,2:29
110494,"April 2, 2026",sierra-gold,8432,4.4,7:52,2:07
110495,"April 2, 2026",sierra-gold,8433,4.1,8:12,1:51
110477,"April 2, 2026",sierra-gold,8472,3.3,8:27,1:40
110478,"April 2, 2026",sierra-gold,8475,3.7,8:16,1:37
110482,"April 2, 2026",sierra-gold,8480,2.9,8:31,1:21
110489,"April 2, 2026",sierra-gold,8631,7.8,5:25,2:08
110503,"April 2, 2026",sierra-gold,8632,8.0,4:39,2:15
110444,"April 2, 2026",sierra-gold,8633,5.8,6:13,1:40
110332,"April 1, 2026",sierra-gold,8431,4.3,8:11,2:09
110333,"April 1, 2026",sierra-gold,8432,4.8,8:07,2:24
110334,"April 1, 2026",sierra-gold,8433,4.9,8:21,2:09
110313,"April 1, 2026",sierra-gold,8472,4.5,8:08,1:45
110314,"April 1, 2026",sierra-gold,8475,4.9,8:09,1:47
110315,"April 1, 2026",sierra-gold,8480,3.8,8:30,1:27
110354,"April 1, 2026",sierra-gold,8631,0.0,3:00,0:00
110355,"April 1, 2026",sierra-gold,8632,0.0,3:00,0:00
110356,"April 1, 2026",sierra-gold,8633,0.0,3:02,0:00
110166,"March 31, 2026",sierra-gold,8431,5.9,8:30,2:53
110167,"March 31, 2026",sierra-gold,8432,5.6,8:22,2:46
110168,"March 31, 2026",sierra-gold,8433,5.2,8:12,2:28
110205,"March 31, 2026",sierra-gold,8472,1.9,3:05,0:51
110206,"March 31, 2026",sierra-gold,8475,2.2,3:07,0:49
110207,"March 31, 2026",sierra-gold,8480,1.9,3:05,0:44
109991,"March 30, 2026",sierra-gold,8431,5.1,8:09,2:29
109992,"March 30, 2026",sierra-gold,8432,5.0,8:21,2:27
109993,"March 30, 2026",sierra-gold,8433,4.5,8:04,1:58
109976,"March 30, 2026",sierra-gold,8472,3.9,8:23,1:45
109977,"March 30, 2026",sierra-gold,8475,4.3,8:23,1:43
109981,"March 30, 2026",sierra-gold,8480,3.6,8:23,1:32
109718,"March 27, 2026",sierra-gold,8431,5.5,8:07,2:51
109719,"March 27, 2026",sierra-gold,8432,5.6,8:25,2:52
109720,"March 27, 2026",sierra-gold,8433,5.7,8:27,2:27
109714,"March 27, 2026",sierra-gold,8472,4.5,8:21,2:20
109715,"March 27, 2026",sierra-gold,8475,5.9,8:34,2:28
109716,"March 27, 2026",sierra-gold,8480,4.8,8:23,2:20
109576,"March 26, 2026",sierra-gold,8431,5.9,8:21,3:00
109577,"March 26, 2026",sierra-gold,8432,5.7,8:09,2:50
109611,"March 26, 2026",sierra-gold,8433,0.0,0:10,0:01
109581,"March 26, 2026",sierra-gold,8472,1.5,8:12,0:47
109582,"March 26, 2026",sierra-gold,8475,2.3,8:11,1:01
109578,"March 26, 2026",sierra-gold,8480,6.1,8:12,2:31
109388,"March 25, 2026",sierra-gold,8431,6.0,8:04,3:02
109396,"March 25, 2026",sierra-gold,8432,6.7,8:21,3:21
109389,"March 25, 2026",sierra-gold,8472,1.2,7:53,0:40
109385,"March 25, 2026",sierra-gold,8475,2.3,7:52,1:02
109395,"March 25, 2026",sierra-gold,8480,6.4,8:19,2:38
109241,"March 24, 2026",sierra-gold,8431,5.9,8:20,2:39
109242,"March 24, 2026",sierra-gold,8432,5.2,8:02,2:40
109244,"March 24, 2026",sierra-gold,8472,1.4,7:50,0:47
109245,"March 24, 2026",sierra-gold,8475,1.5,7:44,0:43
109246,"March 24, 2026",sierra-gold,8480,5.7,8:11,2:23
109106,"March 23, 2026",sierra-gold,8431,4.9,8:10,2:28
109107,"March 23, 2026",sierra-gold,8432,5.0,8:13,2:26
109119,"March 23, 2026",sierra-gold,8433,1.8,4:16,0:49
109108,"March 23, 2026",sierra-gold,8472,1.8,8:17,0:56
109109,"March 23, 2026",sierra-gold,8475,1.6,7:38,0:44
109111,"March 23, 2026",sierra-gold,8480,5.5,8:05,2:15
108859,"March 20, 2026",sierra-gold,8431,4.6,8:14,2:07
108860,"March 20, 2026",sierra-gold,8432,4.6,8:13,2:04
108861,"March 20, 2026",sierra-gold,8472,1.0,7:39,0:31
108862,"March 20, 2026",sierra-gold,8475,2.0,8:14,0:57
108866,"March 20, 2026",sierra-gold,8480,4.0,7:56,1:44
108728,"March 19, 2026",sierra-gold,8431,5.0,7:50,2:15
108729,"March 19, 2026",sierra-gold,8432,5.7,8:21,2:32
108730,"March 19, 2026",sierra-gold,8472,1.4,8:16,0:44
108731,"March 19, 2026",sierra-gold,8475,2.6,8:09,1:11
108732,"March 19, 2026",sierra-gold,8480,5.7,8:21,2:25
108595,"March 18, 2026",sierra-gold,8431,3.7,7:41,1:32
108596,"March 18, 2026",sierra-gold,8432,3.8,7:45,1:37
108597,"March 18, 2026",sierra-gold,8472,1.8,7:24,0:54
108598,"March 18, 2026",sierra-gold,8475,2.5,8:06,1:08
108599,"March 18, 2026",sierra-gold,8480,3.9,7:20,1:33
108479,"March 17, 2026",sierra-gold,8431,4.7,8:06,1:59
108480,"March 17, 2026",sierra-gold,8432,4.7,8:21,1:58
108481,"March 17, 2026",sierra-gold,8472,1.4,8:23,0:44
108482,"March 17, 2026",sierra-gold,8475,2.2,8:23,1:01
108483,"March 17, 2026",sierra-gold,8480,4.7,8:10,1:51
108366,"March 16, 2026",sierra-gold,8431,4.8,8:17,2:00
108367,"March 16, 2026",sierra-gold,8432,3.8,8:11,1:37
108368,"March 16, 2026",sierra-gold,8472,1.5,8:13,0:47
108369,"March 16, 2026",sierra-gold,8475,2.2,8:22,0:57
108370,"March 16, 2026",sierra-gold,8480,4.3,8:01,1:43
108169,"March 13, 2026",sierra-gold,8431,5.7,8:07,2:23
108170,"March 13, 2026",sierra-gold,8432,5.6,8:21,2:20
108171,"March 13, 2026",sierra-gold,8472,2.0,7:45,0:59
108172,"March 13, 2026",sierra-gold,8475,3.1,8:22,1:18
108173,"March 13, 2026",sierra-gold,8480,5.3,7:57,2:07
108024,"March 12, 2026",sierra-gold,8431,4.5,8:11,1:59
108025,"March 12, 2026",sierra-gold,8432,4.5,8:22,1:54
108026,"March 12, 2026",sierra-gold,8472,2.7,8:19,1:11
108027,"March 12, 2026",sierra-gold,8475,2.0,8:23,0:49
108028,"March 12, 2026",sierra-gold,8480,4.5,8:18,1:50
107893,"March 11, 2026",sierra-gold,8431,4.3,8:06,1:50
107894,"March 11, 2026",sierra-gold,8432,4.3,8:09,1:49
107895,"March 11, 2026",sierra-gold,8472,1.6,8:04,0:46
107896,"March 11, 2026",sierra-gold,8475,1.8,7:51,0:48
107897,"March 11, 2026",sierra-gold,8480,4.1,8:21,1:42
107778,"March 10, 2026",sierra-gold,8431,5.4,8:22,2:13
107779,"March 10, 2026",sierra-gold,8432,4.9,8:09,1:59
107787,"March 10, 2026",sierra-gold,8433,0.0,0:49,0:00
107780,"March 10, 2026",sierra-gold,8472,2.0,8:15,0:57
107781,"March 10, 2026",sierra-gold,8475,2.0,7:33,0:53
107782,"March 10, 2026",sierra-gold,8480,4.7,8:02,1:53
107657,"March 9, 2026",sierra-gold,8431,4.8,8:21,2:01
107658,"March 9, 2026",sierra-gold,8432,4.9,8:17,2:02
107694,"March 9, 2026",sierra-gold,8433,0.7,1:05,0:20
107659,"March 9, 2026",sierra-gold,8472,2.2,8:12,0:58
107660,"March 9, 2026",sierra-gold,8475,1.3,8:21,0:32
107661,"March 9, 2026",sierra-gold,8480,4.3,8:21,1:43
107447,"March 6, 2026",sierra-gold,8431,5.0,7:45,2:07
107448,"March 6, 2026",sierra-gold,8432,4.5,7:42,1:53
107449,"March 6, 2026",sierra-gold,8433,5.0,8:40,2:10
107451,"March 6, 2026",sierra-gold,8472,2.1,7:44,1:02
107452,"March 6, 2026",sierra-gold,8475,1.9,7:53,0:51
107472,"March 6, 2026",sierra-gold,8480,2.7,4:46,1:04
107319,"March 5, 2026",sierra-gold,8431,7.5,8:29,3:13
107320,"March 5, 2026",sierra-gold,8432,6.9,8:15,2:57
107321,"March 5, 2026",sierra-gold,8433,6.8,8:06,2:57
107322,"March 5, 2026",sierra-gold,8472,2.0,8:16,1:03
107323,"March 5, 2026",sierra-gold,8475,2.4,8:22,1:03
107174,"March 4, 2026",sierra-gold,8431,7.6,8:01,3:17
107175,"March 4, 2026",sierra-gold,8432,7.8,8:04,3:18
107176,"March 4, 2026",sierra-gold,8433,6.8,7:54,2:57
107207,"March 4, 2026",sierra-gold,8472,1.4,6:35,0:55
107177,"March 4, 2026",sierra-gold,8475,2.0,8:04,0:59
107178,"March 4, 2026",sierra-gold,8480,0.1,1:31,0:05
107020,"March 3, 2026",sierra-gold,8431,6.0,8:29,2:38
107021,"March 3, 2026",sierra-gold,8432,6.0,8:30,2:39
107015,"March 3, 2026",sierra-gold,8433,5.6,8:10,2:30
107005,"March 3, 2026",sierra-gold,8472,1.7,8:46,0:56
107006,"March 3, 2026",sierra-gold,8475,1.9,8:47,0:54
106911,"March 2, 2026",sierra-gold,8431,6.3,8:29,2:47
106912,"March 2, 2026",sierra-gold,8432,6.0,8:12,2:38
106913,"March 2, 2026",sierra-gold,8433,5.7,8:02,2:51
106906,"March 2, 2026",sierra-gold,8472,1.6,8:17,0:58
106907,"March 2, 2026",sierra-gold,8475,2.1,8:16,1:02
106738,"February 27, 2026",sierra-gold,8431,1.8,7:56,0:58
106739,"February 27, 2026",sierra-gold,8433,1.2,8:04,0:40
106733,"February 27, 2026",sierra-gold,8472,1.1,8:03,0:28
106734,"February 27, 2026",sierra-gold,8475,0.8,8:03,0:17
106735,"February 27, 2026",sierra-gold,8480,1.3,8:02,0:30
106643,"February 26, 2026",sierra-gold,8431,1.1,8:01,0:37
106644,"February 26, 2026",sierra-gold,8432,0.1,1:16,0:04
106645,"February 26, 2026",sierra-gold,8433,1.3,7:50,0:44
106632,"February 26, 2026",sierra-gold,8472,5.5,8:35,2:52
106633,"February 26, 2026",sierra-gold,8475,7.3,8:39,2:39
106634,"February 26, 2026",sierra-gold,8480,8.0,8:45,3:21
106568,"February 25, 2026",sierra-gold,8431,0.9,5:57,0:28
106575,"February 25, 2026",sierra-gold,8432,0.9,3:08,0:24
106569,"February 25, 2026",sierra-gold,8433,3.4,6:22,1:45
106539,"February 25, 2026",sierra-gold,8472,1.6,8:08,0:50
106540,"February 25, 2026",sierra-gold,8475,5.1,8:08,1:51
106541,"February 25, 2026",sierra-gold,8480,4.7,8:26,1:57
106434,"February 24, 2026",sierra-gold,8472,4.9,8:33,2:48
106435,"February 24, 2026",sierra-gold,8475,6.9,8:33,2:33
106436,"February 24, 2026",sierra-gold,8480,5.2,8:29,2:08
106325,"February 23, 2026",sierra-gold,8472,3.8,8:22,2:00
106326,"February 23, 2026",sierra-gold,8475,7.0,8:32,2:26
106327,"February 23, 2026",sierra-gold,8480,6.2,8:33,2:27
106108,"February 20, 2026",sierra-gold,8431,5.6,7:48,2:30
106109,"February 20, 2026",sierra-gold,8432,6.3,8:04,2:44
106110,"February 20, 2026",sierra-gold,8433,5.6,8:17,2:32
106112,"February 20, 2026",sierra-gold,8472,7.4,8:06,2:58
106113,"February 20, 2026",sierra-gold,8475,11.6,8:05,4:01
106114,"February 20, 2026",sierra-gold,8480,8.5,8:05,3:02
105993,"February 19, 2026",sierra-gold,8431,3.6,7:53,1:38
105995,"February 19, 2026",sierra-gold,8432,5.0,7:55,2:11
105996,"February 19, 2026",sierra-gold,8433,3.8,7:39,1:42
105978,"February 19, 2026",sierra-gold,8472,2.8,8:33,1:22
105976,"February 19, 2026",sierra-gold,8475,3.2,8:41,1:19
105977,"February 19, 2026",sierra-gold,8480,2.4,8:29,1:02
105880,"February 18, 2026",sierra-gold,8431,4.3,8:06,1:59
105881,"February 18, 2026",sierra-gold,8432,3.8,8:07,1:41
105882,"February 18, 2026",sierra-gold,8433,4.5,8:14,2:03
105870,"February 18, 2026",sierra-gold,8472,4.3,8:29,2:20
105871,"February 18, 2026",sierra-gold,8475,6.1,8:30,2:18
105872,"February 18, 2026",sierra-gold,8480,5.6,8:34,2:26
105738,"February 17, 2026",sierra-gold,8431,3.9,8:23,1:44
105734,"February 17, 2026",sierra-gold,8432,3.1,8:23,1:23
105740,"February 17, 2026",sierra-gold,8433,3.2,8:20,1:30
105737,"February 17, 2026",sierra-gold,8472,1.3,7:37,0:37
105741,"February 17, 2026",sierra-gold,8475,1.2,8:25,0:32
105736,"February 17, 2026",sierra-gold,8480,1.0,8:14,0:31
105633,"February 16, 2026",sierra-gold,8431,1.9,7:33,0:54
105630,"February 16, 2026",sierra-gold,8432,2.6,7:17,1:05
105632,"February 16, 2026",sierra-gold,8433,1.7,7:22,0:48
105631,"February 16, 2026",sierra-gold,8472,2.9,8:18,1:19
105628,"February 16, 2026",sierra-gold,8475,2.2,7:48,1:06
105629,"February 16, 2026",sierra-gold,8480,2.3,7:48,1:02
105493,"February 13, 2026",sierra-gold,8431,5.1,8:22,2:27
105491,"February 13, 2026",sierra-gold,8432,5.0,8:23,2:16
105492,"February 13, 2026",sierra-gold,8433,4.5,8:16,2:06
105496,"February 13, 2026",sierra-gold,8472,5.9,7:37,2:14
105494,"February 13, 2026",sierra-gold,8475,7.4,7:22,2:58
105500,"February 13, 2026",sierra-gold,8480,5.2,7:21,1:52
105427,"February 12, 2026",sierra-gold,8431,0.9,6:55,0:33
105328,"February 11, 2026",sierra-gold,8431,0.7,3:11,0:20
105310,"February 11, 2026",sierra-gold,8432,3.8,5:14,1:39
105312,"February 11, 2026",sierra-gold,8433,3.7,5:35,1:40
105311,"February 11, 2026",sierra-gold,8472,3.0,5:03,0:59
105212,"February 10, 2026",sierra-gold,8431,3.1,8:07,1:31
105208,"February 10, 2026",sierra-gold,8432,6.4,8:22,2:38
105211,"February 10, 2026",sierra-gold,8433,5.6,8:11,2:23
105253,"February 10, 2026",sierra-gold,8472,1.2,8:23,0:25
105201,"February 10, 2026",sierra-gold,8475,3.2,8:41,1:12
105202,"February 10, 2026",sierra-gold,8480,2.6,8:41,1:02
105111,"February 9, 2026",sierra-gold,8431,0.8,4:01,0:22
105107,"February 9, 2026",sierra-gold,8432,4.8,7:25,1:59
105108,"February 9, 2026",sierra-gold,8433,4.9,7:19,2:04
105121,"February 9, 2026",sierra-gold,8472,2.4,4:48,0:43
105110,"February 9, 2026",sierra-gold,8475,0.3,4:03,0:08
105112,"February 9, 2026",sierra-gold,8480,0.0,4:03,0:00
104958,"February 6, 2026",sierra-gold,8432,1.4,2:51,0:42
104959,"February 6, 2026",sierra-gold,8433,1.2,2:49,0:38
104945,"February 6, 2026",sierra-gold,8472,1.1,5:42,0:30
104937,"February 6, 2026",sierra-gold,8475,0.0,8:10,0:00
104943,"February 6, 2026",sierra-gold,8480,0.0,8:10,0:00
104866,"February 5, 2026",sierra-gold,8431,2.8,4:53,1:25
104864,"February 5, 2026",sierra-gold,8432,2.0,6:24,0:59
104865,"February 5, 2026",sierra-gold,8433,2.0,6:16,1:01
104867,"February 5, 2026",sierra-gold,8475,5.0,6:22,2:08
104868,"February 5, 2026",sierra-gold,8480,4.1,6:23,2:02
104755,"February 4, 2026",sierra-gold,8431,2.1,3:16,0:58
104753,"February 4, 2026",sierra-gold,8432,3.8,8:23,1:35
104754,"February 4, 2026",sierra-gold,8433,3.8,8:28,1:39
104695,"February 4, 2026",sierra-gold,8472,0.4,12:49,0:12
104752,"February 4, 2026",sierra-gold,8475,6.3,8:27,2:50
104758,"February 4, 2026",sierra-gold,8480,6.2,8:29,2:51
104642,"February 3, 2026",sierra-gold,8431,4.2,8:36,1:59
104639,"February 3, 2026",sierra-gold,8432,6.8,8:36,2:48
104641,"February 3, 2026",sierra-gold,8433,6.8,8:47,2:52
104681,"February 3, 2026",sierra-gold,8472,0.1,2:39,0:04
104644,"February 3, 2026",sierra-gold,8475,4.4,8:34,1:54
104645,"February 3, 2026",sierra-gold,8480,4.1,8:34,1:50
104529,"February 2, 2026",sierra-gold,8431,2.8,8:38,1:21
104531,"February 2, 2026",sierra-gold,8432,7.1,8:22,3:00
104532,"February 2, 2026",sierra-gold,8433,7.0,8:35,2:59
104528,"February 2, 2026",sierra-gold,8475,2.8,8:38,1:02
104530,"February 2, 2026",sierra-gold,8480,3.2,8:38,1:21
104336,"January 30, 2026",sierra-gold,8431,1.6,4:07,0:46
104338,"January 30, 2026",sierra-gold,8432,4.2,3:46,1:50
104339,"January 30, 2026",sierra-gold,8433,4.5,3:37,1:56
104335,"January 30, 2026",sierra-gold,8475,1.2,4:34,0:28
104337,"January 30, 2026",sierra-gold,8480,1.7,4:38,0:42
104223,"January 29, 2026",sierra-gold,8431,2.3,5:46,1:08
104226,"January 29, 2026",sierra-gold,8432,6.2,6:52,3:09
104227,"January 29, 2026",sierra-gold,8433,7.0,6:52,3:13
104222,"January 29, 2026",sierra-gold,8475,4.0,7:07,1:27
104224,"January 29, 2026",sierra-gold,8480,3.4,7:07,1:26
104100,"January 28, 2026",sierra-gold,8431,4.3,8:35,2:01
104102,"January 28, 2026",sierra-gold,8475,4.6,8:35,1:42
104103,"January 28, 2026",sierra-gold,8480,4.0,8:33,1:41
103930,"January 27, 2026",sierra-gold,8431,2.8,8:34,1:27
103926,"January 27, 2026",sierra-gold,8432,0.6,8:35,0:18
103929,"January 27, 2026",sierra-gold,8433,1.7,8:35,0:42
103928,"January 27, 2026",sierra-gold,8475,3.0,8:34,1:19
103931,"January 27, 2026",sierra-gold,8480,2.6,8:34,1:19
103737,"January 26, 2026",sierra-gold,8431,2.2,7:08,1:08
103735,"January 26, 2026",sierra-gold,8432,4.8,8:12,2:04
103736,"January 26, 2026",sierra-gold,8433,4.2,8:36,1:49
103733,"January 26, 2026",sierra-gold,8475,3.5,8:36,1:28
103739,"January 26, 2026",sierra-gold,8480,2.4,8:36,1:10
103589,"January 23, 2026",sierra-gold,8431,3.4,7:33,1:39
103587,"January 23, 2026",sierra-gold,8432,6.0,7:59,2:37
103588,"January 23, 2026",sierra-gold,8433,6.5,8:23,2:51
103586,"January 23, 2026",sierra-gold,8475,4.6,8:32,1:47
103590,"January 23, 2026",sierra-gold,8480,4.1,8:32,1:44
103495,"January 22, 2026",sierra-gold,8431,2.5,8:34,1:17
103492,"January 22, 2026",sierra-gold,8432,3.6,8:14,1:35
103494,"January 22, 2026",sierra-gold,8433,2.7,8:04,1:14
103491,"January 22, 2026",sierra-gold,8475,3.1,8:34,1:19
103497,"January 22, 2026",sierra-gold,8480,2.8,8:34,1:18
103385,"January 21, 2026",sierra-gold,8431,2.0,7:19,1:03
103382,"January 21, 2026",sierra-gold,8432,4.2,8:07,1:50
103383,"January 21, 2026",sierra-gold,8433,5.2,8:37,2:14
103380,"January 21, 2026",sierra-gold,8475,2.6,8:36,1:11
103391,"January 21, 2026",sierra-gold,8480,2.3,8:36,1:07
103276,"January 20, 2026",sierra-gold,8431,3.0,7:11,1:33
103274,"January 20, 2026",sierra-gold,8432,5.3,8:04,2:13
103275,"January 20, 2026",sierra-gold,8433,5.2,8:34,2:11
103273,"January 20, 2026",sierra-gold,8475,4.8,8:34,1:54
103278,"January 20, 2026",sierra-gold,8480,4.1,8:34,1:49
103174,"January 19, 2026",sierra-gold,8431,3.1,8:04,1:40
103172,"January 19, 2026",sierra-gold,8432,7.1,8:34,2:59
103173,"January 19, 2026",sierra-gold,8433,6.7,8:20,2:48
103171,"January 19, 2026",sierra-gold,8475,3.9,8:32,1:36
103176,"January 19, 2026",sierra-gold,8480,3.7,8:33,1:41
103070,"January 16, 2026",sierra-gold,8431,3.3,8:21,1:33
103063,"January 16, 2026",sierra-gold,8432,6.5,8:20,2:42
103072,"January 16, 2026",sierra-gold,8433,6.0,8:06,2:31
103074,"January 16, 2026",sierra-gold,8475,4.1,8:30,1:34
103069,"January 16, 2026",sierra-gold,8480,3.3,8:29,1:24
102929,"January 15, 2026",sierra-gold,8431,0.9,2:05,0:25
102900,"January 15, 2026",sierra-gold,8432,2.1,2:05,0:52
102939,"January 15, 2026",sierra-gold,8433,7.3,8:50,3:03
102947,"January 15, 2026",sierra-gold,8475,1.2,2:06,0:29
102920,"January 15, 2026",sierra-gold,8480,1.2,2:05,0:30
102851,"January 14, 2026",sierra-gold,8431,4.1,8:29,1:55
102849,"January 14, 2026",sierra-gold,8432,6.7,8:34,2:47
102850,"January 14, 2026",sierra-gold,8433,5.5,8:25,2:21
102848,"January 14, 2026",sierra-gold,8475,5.4,8:34,2:08
102853,"January 14, 2026",sierra-gold,8480,3.9,8:33,1:40
102753,"January 13, 2026",sierra-gold,8431,3.0,8:28,1:24
102752,"January 13, 2026",sierra-gold,8475,4.2,8:33,1:32
102755,"January 13, 2026",sierra-gold,8480,3.5,8:31,1:26
102658,"January 12, 2026",sierra-gold,8431,3.5,8:30,1:35
102656,"January 12, 2026",sierra-gold,8475,4.0,8:33,1:27
102657,"January 12, 2026",sierra-gold,8480,3.5,8:33,1:15
102488,"January 9, 2026",sierra-gold,8431,3.2,8:28,1:37
102491,"January 9, 2026",sierra-gold,8475,3.9,8:35,1:31
102490,"January 9, 2026",sierra-gold,8480,3.7,8:25,1:24
102390,"January 8, 2026",sierra-gold,8431,3.4,8:35,1:42
102400,"January 8, 2026",sierra-gold,8432,0.6,0:48,0:15
102384,"January 8, 2026",sierra-gold,8475,4.0,8:35,1:39
102389,"January 8, 2026",sierra-gold,8480,3.4,8:36,1:26
102295,"January 7, 2026",sierra-gold,8431,2.1,8:34,1:04
102294,"January 7, 2026",sierra-gold,8475,2.4,8:34,1:03
102296,"January 7, 2026",sierra-gold,8480,2.4,8:34,1:04
102190,"January 6, 2026",sierra-gold,8431,5.4,8:34,2:30
102193,"January 6, 2026",sierra-gold,8432,6.0,8:33,3:00
102189,"January 6, 2026",sierra-gold,8475,7.8,8:36,2:49
102191,"January 6, 2026",sierra-gold,8480,5.9,8:37,2:21
102108,"January 5, 2026",sierra-gold,8431,1.7,4:50,0:45
102107,"January 5, 2026",sierra-gold,8475,2.6,5:25,0:53
102106,"January 5, 2026",sierra-gold,8480,1.7,5:26,0:37
101957,"January 2, 2026",sierra-gold,8431,1.5,7:20,0:34
101960,"January 2, 2026",sierra-gold,8432,1.2,5:53,0:37
101959,"January 2, 2026",sierra-gold,8475,2.3,5:59,0:52
101961,"January 2, 2026",sierra-gold,8480,2.0,5:54,0:49
101877,"December 31, 2025",sierra-gold,8431,1.2,3:45,0:34
101878,"December 31, 2025",sierra-gold,8475,1.4,3:45,0:31
101876,"December 31, 2025",sierra-gold,8480,0.9,3:44,0:22
101816,"December 30, 2025",sierra-gold,8431,2.0,8:18,0:59
101815,"December 30, 2025",sierra-gold,8475,2.5,8:22,1:00
101817,"December 30, 2025",sierra-gold,8480,2.1,8:15,0:55
101745,"December 29, 2025",sierra-gold,8431,1.4,5:10,0:42
101744,"December 29, 2025",sierra-gold,8475,1.6,5:24,0:42
101746,"December 29, 2025",sierra-gold,8480,1.1,5:04,0:31
101598,"December 26, 2025",sierra-gold,8431,1.7,4:05,0:49
101609,"December 26, 2025",sierra-gold,8433,0.0,0:02,0:00
101595,"December 26, 2025",sierra-gold,8475,1.1,4:17,0:28
101597,"December 26, 2025",sierra-gold,8480,1.2,4:17,0:33
101439,"December 23, 2025",sierra-gold,8475,1.1,5:34,0:30
101441,"December 23, 2025",sierra-gold,8480,0.9,5:34,0:26
101382,"December 22, 2025",sierra-gold,8475,1.1,4:19,0:29
101385,"December 22, 2025",sierra-gold,8480,1.2,4:19,0:34
101199,"December 19, 2025",sierra-gold,8431,0.1,1:35,0:02
101200,"December 19, 2025",sierra-gold,8432,0.1,1:34,0:02
101201,"December 19, 2025",sierra-gold,8433,0.1,1:34,0:04
101165,"December 19, 2025",sierra-gold,8475,1.5,8:04,0:43
101167,"December 19, 2025",sierra-gold,8480,1.5,8:03,0:43
101043,"December 18, 2025",sierra-gold,8431,4.7,8:39,2:01
101040,"December 18, 2025",sierra-gold,8432,4.5,8:40,1:55
101044,"December 18, 2025",sierra-gold,8433,3.4,8:39,1:36
101049,"December 18, 2025",sierra-gold,8475,3.3,8:34,1:16
101051,"December 18, 2025",sierra-gold,8480,3.2,8:34,1:24
100914,"December 17, 2025",sierra-gold,8431,4.4,8:53,1:58
100909,"December 17, 2025",sierra-gold,8432,5.0,8:27,2:06
100917,"December 17, 2025",sierra-gold,8433,5.7,8:45,2:25
100925,"December 17, 2025",sierra-gold,8475,5.2,7:58,1:49
100924,"December 17, 2025",sierra-gold,8480,4.6,8:29,2:04
100772,"December 16, 2025",sierra-gold,8431,5.4,8:33,2:19
100769,"December 16, 2025",sierra-gold,8432,8.0,8:33,3:18
100773,"December 16, 2025",sierra-gold,8433,4.2,8:33,1:48
100774,"December 16, 2025",sierra-gold,8475,4.8,8:32,1:48
100776,"December 16, 2025",sierra-gold,8480,4.6,8:32,1:51
100651,"December 15, 2025",sierra-gold,8431,3.2,8:58,1:27
100644,"December 15, 2025",sierra-gold,8432,4.8,8:58,2:09
100650,"December 15, 2025",sierra-gold,8433,3.1,8:55,1:29
100661,"December 15, 2025",sierra-gold,8475,2.9,6:44,1:07
100663,"December 15, 2025",sierra-gold,8480,2.5,6:46,1:01
100549,"December 13, 2025",sierra-gold,8431,3.3,6:31,1:24
100547,"December 13, 2025",sierra-gold,8432,2.8,6:30,1:11
100548,"December 13, 2025",sierra-gold,8433,4.8,6:31,2:00
100453,"December 12, 2025",sierra-gold,8431,2.1,8:22,1:07
100447,"December 12, 2025",sierra-gold,8432,2.2,8:23,0:59
100456,"December 12, 2025",sierra-gold,8433,1.8,8:23,0:55
100464,"December 12, 2025",sierra-gold,8475,7.0,8:28,2:28
100466,"December 12, 2025",sierra-gold,8480,6.0,8:15,2:07
100339,"December 11, 2025",sierra-gold,8431,2.3,7:54,1:13
100335,"December 11, 2025",sierra-gold,8432,2.8,7:51,1:24
100341,"December 11, 2025",sierra-gold,8433,3.1,7:55,1:26
100342,"December 11, 2025",sierra-gold,8475,6.4,8:14,1:53
100343,"December 11, 2025",sierra-gold,8480,5.5,8:25,1:51
100213,"December 10, 2025",sierra-gold,8431,2.6,8:59,1:32
100210,"December 10, 2025",sierra-gold,8432,5.8,8:59,2:39
100215,"December 10, 2025",sierra-gold,8433,3.5,8:59,1:34
100217,"December 10, 2025",sierra-gold,8475,6.8,8:13,1:56
100222,"December 10, 2025",sierra-gold,8480,6.9,8:17,1:55
100121,"December 9, 2025",sierra-gold,8431,1.0,6:51,0:46
100119,"December 9, 2025",sierra-gold,8432,2.3,6:50,1:10
100120,"December 9, 2025",sierra-gold,8433,1.4,6:51,0:41
100109,"December 9, 2025",sierra-gold,8475,5.4,8:21,1:31
100108,"December 9, 2025",sierra-gold,8480,5.2,8:35,1:35
99987,"December 8, 2025",sierra-gold,8431,1.6,7:25,0:44
99986,"December 8, 2025",sierra-gold,8432,2.7,7:28,1:15
99989,"December 8, 2025",sierra-gold,8433,3.9,7:27,1:45
99982,"December 8, 2025",sierra-gold,8475,3.9,8:39,1:28
99984,"December 8, 2025",sierra-gold,8480,2.9,8:21,1:07
99676,"December 5, 2025",sierra-gold,8431,1.7,7:49,0:48
99672,"December 5, 2025",sierra-gold,8432,3.7,7:49,1:37
99677,"December 5, 2025",sierra-gold,8433,2.5,7:47,1:09
99827,"December 5, 2025",sierra-gold,8475,6.8,8:30,2:23
99821,"December 5, 2025",sierra-gold,8480,6.2,8:32,2:14
99571,"December 4, 2025",sierra-gold,8431,2.7,8:09,1:16
99538,"December 4, 2025",sierra-gold,8432,3.9,8:09,1:46
99582,"December 4, 2025",sierra-gold,8433,2.9,8:09,1:20
99589,"December 4, 2025",sierra-gold,8475,6.2,8:30,2:14
99556,"December 4, 2025",sierra-gold,8480,5.6,8:30,2:03
99738,"December 3, 2025",sierra-gold,8431,1.5,8:08,0:47
99731,"December 3, 2025",sierra-gold,8432,3.4,8:05,1:36
99739,"December 3, 2025",sierra-gold,8433,1.9,8:05,0:58
99740,"December 3, 2025",sierra-gold,8475,6.7,8:34,2:26
99744,"December 3, 2025",sierra-gold,8480,5.7,8:34,2:06
99454,"December 2, 2025",sierra-gold,8431,3.0,8:51,1:24
99450,"December 2, 2025",sierra-gold,8432,3.6,8:53,1:43
99455,"December 2, 2025",sierra-gold,8433,1.9,8:52,1:00
99456,"December 2, 2025",sierra-gold,8475,2.1,7:49,0:45
99458,"December 2, 2025",sierra-gold,8480,1.8,7:48,0:40
99322,"December 1, 2025",sierra-gold,8431,1.6,8:25,0:49
99315,"December 1, 2025",sierra-gold,8432,3.6,8:25,1:49
99324,"December 1, 2025",sierra-gold,8433,1.8,8:23,0:58
99332,"December 1, 2025",sierra-gold,8475,5.1,8:13,1:47
99334,"December 1, 2025",sierra-gold,8480,4.4,8:12,1:36
99067,"November 27, 2025",sierra-gold,8431,2.6,7:23,1:12
99065,"November 27, 2025",sierra-gold,8432,1.5,7:21,0:45
99066,"November 27, 2025",sierra-gold,8433,2.4,7:22,1:13
99062,"November 27, 2025",sierra-gold,8472,0.7,1:05,0:15
99061,"November 27, 2025",sierra-gold,8475,6.7,8:33,2:24
99063,"November 27, 2025",sierra-gold,8480,5.4,8:31,2:07
98962,"November 26, 2025",sierra-gold,8431,2.7,7:30,1:08
98960,"November 26, 2025",sierra-gold,8432,2.0,6:21,0:51
98961,"November 26, 2025",sierra-gold,8433,2.2,6:20,0:58
98953,"November 26, 2025",sierra-gold,8472,6.9,8:36,2:32
98919,"November 26, 2025",sierra-gold,8475,7.5,15:55,2:37
98956,"November 26, 2025",sierra-gold,8480,6.4,8:36,2:20
98853,"November 25, 2025",sierra-gold,8431,2.2,7:13,1:00
98851,"November 25, 2025",sierra-gold,8432,1.2,7:12,0:35
98852,"November 25, 2025",sierra-gold,8433,1.1,7:14,0:33
98844,"November 25, 2025",sierra-gold,8472,6.6,8:35,2:26
98846,"November 25, 2025",sierra-gold,8475,8.4,16:35,2:59
98849,"November 25, 2025",sierra-gold,8480,6.8,8:34,2:28
98718,"November 24, 2025",sierra-gold,8431,1.4,7:15,0:40
98715,"November 24, 2025",sierra-gold,8432,1.9,7:17,0:57
98717,"November 24, 2025",sierra-gold,8433,0.8,7:16,0:32
98712,"November 24, 2025",sierra-gold,8472,7.4,8:33,2:47
98711,"November 24, 2025",sierra-gold,8475,8.9,8:33,3:04
98713,"November 24, 2025",sierra-gold,8480,7.2,8:33,2:40
98594,"November 22, 2025",sierra-gold,8472,7.9,8:38,2:52
98593,"November 22, 2025",sierra-gold,8475,9.2,8:32,3:17
98595,"November 22, 2025",sierra-gold,8480,8.4,8:39,2:59
98521,"November 21, 2025",sierra-gold,8472,7.2,8:27,2:42
98520,"November 21, 2025",sierra-gold,8475,8.6,8:40,3:11
98525,"November 21, 2025",sierra-gold,8480,7.3,8:38,2:47
98419,"November 20, 2025",sierra-gold,8472,0.1,0:13,0:01
98294,"November 19, 2025",sierra-gold,8472,7.1,8:32,2:47
98292,"November 19, 2025",sierra-gold,8475,8.8,8:38,3:28
98298,"November 19, 2025",sierra-gold,8480,7.3,8:31,2:49
98179,"November 18, 2025",sierra-gold,8472,3.6,8:42,1:30
98178,"November 18, 2025",sierra-gold,8475,3.7,8:44,1:27
98183,"November 18, 2025",sierra-gold,8480,4.0,8:43,1:34
98046,"November 17, 2025",sierra-gold,8472,8.1,8:39,3:17
98044,"November 17, 2025",sierra-gold,8475,9.4,8:33,3:34
98050,"November 17, 2025",sierra-gold,8480,1.0,6:19,0:26
97879,"November 14, 2025",sierra-gold,8431,0.0,2:23,0:02
97877,"November 14, 2025",sierra-gold,8432,0.0,7:07,0:02
97878,"November 14, 2025",sierra-gold,8433,0.0,2:19,0:02
97863,"November 14, 2025",sierra-gold,8472,6.2,8:28,2:21
97862,"November 14, 2025",sierra-gold,8475,7.0,8:31,2:34
97867,"November 14, 2025",sierra-gold,8480,6.2,8:32,2:18
97750,"November 13, 2025",sierra-gold,8472,6.8,8:39,2:28
97748,"November 13, 2025",sierra-gold,8475,7.8,8:39,2:41
97755,"November 13, 2025",sierra-gold,8480,6.5,8:39,2:17
97621,"November 12, 2025",sierra-gold,8431,1.4,9:10,0:44
97619,"November 12, 2025",sierra-gold,8432,2.8,9:11,1:24
97622,"November 12, 2025",sierra-gold,8433,2.4,9:11,1:04
97628,"November 12, 2025",sierra-gold,8472,6.7,8:39,2:22
97627,"November 12, 2025",sierra-gold,8475,7.4,8:32,2:29
97633,"November 12, 2025",sierra-gold,8480,6.1,8:38,2:08
97446,"November 11, 2025",sierra-gold,8431,4.6,8:54,2:02
97443,"November 11, 2025",sierra-gold,8432,3.2,8:54,1:25
97447,"November 11, 2025",sierra-gold,8433,3.3,8:54,1:37
97465,"November 11, 2025",sierra-gold,8472,7.2,8:07,2:42
97464,"November 11, 2025",sierra-gold,8475,8.6,8:08,3:05
97466,"November 11, 2025",sierra-gold,8480,3.7,4:39,1:19
97277,"November 10, 2025",sierra-gold,8431,4.1,8:49,1:49
97276,"November 10, 2025",sierra-gold,8432,4.0,8:48,1:44
97278,"November 10, 2025",sierra-gold,8433,2.8,8:55,1:25
97285,"November 10, 2025",sierra-gold,8472,4.7,8:28,1:48
97283,"November 10, 2025",sierra-gold,8475,6.8,8:28,2:20
97291,"November 10, 2025",sierra-gold,8480,6.1,8:28,2:08
97136,"November 8, 2025",sierra-gold,8431,2.3,8:56,1:15
97134,"November 8, 2025",sierra-gold,8432,4.0,8:54,2:02
97135,"November 8, 2025",sierra-gold,8433,5.0,8:54,2:19
97051,"November 7, 2025",sierra-gold,8431,4.8,9:00,2:15
97048,"November 7, 2025",sierra-gold,8432,4.5,9:00,2:01
97053,"November 7, 2025",sierra-gold,8433,2.8,9:02,1:33
97058,"November 7, 2025",sierra-gold,8472,7.0,8:38,2:40
97057,"November 7, 2025",sierra-gold,8475,7.9,8:37,2:57
97059,"November 7, 2025",sierra-gold,8480,7.2,8:37,2:39
96902,"November 6, 2025",sierra-gold,8431,2.5,8:17,1:23
96896,"November 6, 2025",sierra-gold,8432,1.4,8:17,0:43
96905,"November 6, 2025",sierra-gold,8433,2.1,8:17,1:12
96888,"November 6, 2025",sierra-gold,8472,7.3,8:40,2:38
96887,"November 6, 2025",sierra-gold,8475,8.5,8:41,3:07
96889,"November 6, 2025",sierra-gold,8480,4.8,8:37,1:53
96743,"November 5, 2025",sierra-gold,8431,3.7,8:23,1:44
96739,"November 5, 2025",sierra-gold,8432,3.7,8:19,1:48
96745,"November 5, 2025",sierra-gold,8433,4.4,8:22,2:06
96731,"November 5, 2025",sierra-gold,8472,4.9,8:31,1:59
96730,"November 5, 2025",sierra-gold,8475,5.0,8:31,1:51
96735,"November 5, 2025",sierra-gold,8480,3.6,7:46,1:26
96565,"November 4, 2025",sierra-gold,8431,4.7,8:23,2:05
96560,"November 4, 2025",sierra-gold,8432,4.6,8:23,2:04
96563,"November 4, 2025",sierra-gold,8433,4.1,8:30,2:05
96552,"November 4, 2025",sierra-gold,8472,9.3,8:41,3:09
96551,"November 4, 2025",sierra-gold,8475,9.9,8:42,3:15
96553,"November 4, 2025",sierra-gold,8480,8.6,8:40,2:59
96324,"November 3, 2025",sierra-gold,8431,0.4,12:13,0:11
96322,"November 3, 2025",sierra-gold,8432,0.0,8:14,0:02
96326,"November 3, 2025",sierra-gold,8433,0.0,8:15,0:00
96323,"November 3, 2025",sierra-gold,8472,2.9,11:55,1:08
96321,"November 3, 2025",sierra-gold,8475,4.7,12:13,1:40
96325,"November 3, 2025",sierra-gold,8480,3.8,12:06,1:24
96252,"November 2, 2025",sierra-gold,8431,0.0,24:55,0:00
96250,"November 2, 2025",sierra-gold,8432,0.0,24:55,0:00
96254,"November 2, 2025",sierra-gold,8433,0.0,24:55,0:00
96251,"November 2, 2025",sierra-gold,8472,0.0,24:55,0:00
96249,"November 2, 2025",sierra-gold,8475,0.0,24:55,0:00
96253,"November 2, 2025",sierra-gold,8480,0.0,24:55,0:00
96226,"November 1, 2025",sierra-gold,8431,0.0,22:55,0:00
96224,"November 1, 2025",sierra-gold,8432,0.0,22:55,0:00
96228,"November 1, 2025",sierra-gold,8433,0.0,22:55,0:00
96225,"November 1, 2025",sierra-gold,8472,0.0,22:55,0:00
96223,"November 1, 2025",sierra-gold,8475,0.0,22:55,0:00
96227,"November 1, 2025",sierra-gold,8480,0.0,22:55,0:00
96190,"October 31, 2025",sierra-gold,8431,0.0,11:00,0:00
96192,"October 31, 2025",sierra-gold,8432,0.0,11:00,0:00
96196,"October 31, 2025",sierra-gold,8433,0.0,11:00,0:00
96195,"October 31, 2025",sierra-gold,8472,0.0,10:59,0:00
96193,"October 31, 2025",sierra-gold,8475,0.0,10:59,0:00
96194,"October 31, 2025",sierra-gold,8480,0.0,10:59,0:00
95978,"October 30, 2025",sierra-gold,8431,3.5,7:53,1:08
95975,"October 30, 2025",sierra-gold,8432,4.1,8:22,1:19
95979,"October 30, 2025",sierra-gold,8433,3.6,8:04,1:15
95968,"October 30, 2025",sierra-gold,8472,7.3,8:40,2:46
95965,"October 30, 2025",sierra-gold,8475,7.8,8:36,2:54
95966,"October 30, 2025",sierra-gold,8480,6.7,8:41,2:30
95800,"October 29, 2025",sierra-gold,8431,4.1,8:17,1:41
95798,"October 29, 2025",sierra-gold,8432,4.2,8:13,1:41
95802,"October 29, 2025",sierra-gold,8433,4.3,8:17,1:43
95797,"October 29, 2025",sierra-gold,8472,6.8,8:36,2:46
95792,"October 29, 2025",sierra-gold,8475,7.5,8:37,2:58
95796,"October 29, 2025",sierra-gold,8480,7.0,8:37,2:45
95626,"October 28, 2025",sierra-gold,8431,3.8,8:17,1:30
95621,"October 28, 2025",sierra-gold,8432,4.3,8:16,1:38
95631,"October 28, 2025",sierra-gold,8433,4.0,8:17,1:33
95617,"October 28, 2025",sierra-gold,8472,4.7,8:35,1:56
95614,"October 28, 2025",sierra-gold,8475,5.6,8:35,2:04
95616,"October 28, 2025",sierra-gold,8480,5.7,8:36,2:16
95483,"October 27, 2025",sierra-gold,8431,3.5,8:18,1:28
95480,"October 27, 2025",sierra-gold,8432,3.2,8:14,1:21
95484,"October 27, 2025",sierra-gold,8433,3.5,8:17,1:29
95473,"October 27, 2025",sierra-gold,8472,5.5,8:34,2:16
95472,"October 27, 2025",sierra-gold,8475,5.9,8:34,2:22
95475,"October 27, 2025",sierra-gold,8480,5.7,8:35,2:18
95292,"October 24, 2025",sierra-gold,8431,1.9,3:44,0:46
95288,"October 24, 2025",sierra-gold,8432,1.8,3:44,0:43
95301,"October 24, 2025",sierra-gold,8433,1.5,3:40,0:39
95276,"October 24, 2025",sierra-gold,8472,1.0,4:34,0:24
95275,"October 24, 2025",sierra-gold,8475,1.3,4:23,0:30
95277,"October 24, 2025",sierra-gold,8480,1.5,4:24,0:33
95125,"October 23, 2025",sierra-gold,8431,3.4,8:18,1:28
95117,"October 23, 2025",sierra-gold,8432,3.6,8:06,1:29
95126,"October 23, 2025",sierra-gold,8433,3.7,8:17,1:35
95110,"October 23, 2025",sierra-gold,8472,6.0,8:37,2:21
95104,"October 23, 2025",sierra-gold,8475,7.8,8:37,2:44
95107,"October 23, 2025",sierra-gold,8480,6.2,8:37,2:28
94964,"October 22, 2025",sierra-gold,8431,5.1,8:18,2:02
94955,"October 22, 2025",sierra-gold,8432,4.6,8:15,1:50
94962,"October 22, 2025",sierra-gold,8433,4.3,8:17,1:43
94954,"October 22, 2025",sierra-gold,8472,5.2,8:36,1:57
94947,"October 22, 2025",sierra-gold,8475,5.5,8:35,2:00
94950,"October 22, 2025",sierra-gold,8480,3.9,8:32,1:29
94779,"October 21, 2025",sierra-gold,8431,4.8,8:18,1:52
94766,"October 21, 2025",sierra-gold,8432,5.1,8:16,2:01
94781,"October 21, 2025",sierra-gold,8433,4.6,8:17,1:48
94776,"October 21, 2025",sierra-gold,8472,5.3,8:18,2:07
94767,"October 21, 2025",sierra-gold,8475,5.8,8:27,2:16
94774,"October 21, 2025",sierra-gold,8480,4.7,8:14,1:52
94593,"October 20, 2025",sierra-gold,8431,4.8,8:08,1:57
94592,"October 20, 2025",sierra-gold,8432,5.2,7:36,1:59
94594,"October 20, 2025",sierra-gold,8433,4.8,8:16,1:54
94583,"October 20, 2025",sierra-gold,8472,9.0,8:35,3:08
94582,"October 20, 2025",sierra-gold,8475,11.1,8:23,3:40
94586,"October 20, 2025",sierra-gold,8480,8.8,8:33,3:00
94295,"October 17, 2025",sierra-gold,8431,5.3,8:15,2:02
94293,"October 17, 2025",sierra-gold,8432,5.6,8:18,2:05
94296,"October 17, 2025",sierra-gold,8433,5.1,8:17,1:57
94289,"October 17, 2025",sierra-gold,8472,4.1,8:35,1:53
94280,"October 17, 2025",sierra-gold,8475,4.1,8:35,1:48
94285,"October 17, 2025",sierra-gold,8480,3.7,8:34,1:39
94174,"October 16, 2025",sierra-gold,8431,3.0,3:09,1:10
94172,"October 16, 2025",sierra-gold,8432,3.3,3:01,1:13
94173,"October 16, 2025",sierra-gold,8433,3.0,3:11,1:07
94106,"October 16, 2025",sierra-gold,8472,4.7,8:30,1:58
94091,"October 16, 2025",sierra-gold,8475,5.1,8:30,2:04
94092,"October 16, 2025",sierra-gold,8480,4.4,8:30,1:48
93897,"October 15, 2025",sierra-gold,8431,5.8,5:28,1:31
93893,"October 15, 2025",sierra-gold,8432,7.1,3:31,1:51
93895,"October 15, 2025",sierra-gold,8433,6.2,5:32,1:37
93867,"October 15, 2025",sierra-gold,8472,4.8,8:34,1:55
93866,"October 15, 2025",sierra-gold,8475,5.7,8:34,2:11
93870,"October 15, 2025",sierra-gold,8480,5.1,8:34,1:58
93734,"October 14, 2025",sierra-gold,8431,10.7,8:11,2:42
93717,"October 14, 2025",sierra-gold,8432,12.7,8:05,3:08
93732,"October 14, 2025",sierra-gold,8433,11.1,8:13,2:50
93728,"October 14, 2025",sierra-gold,8472,3.9,8:23,1:50
93718,"October 14, 2025",sierra-gold,8475,4.4,8:24,1:55
93727,"October 14, 2025",sierra-gold,8480,3.9,8:24,1:48
93569,"October 13, 2025",sierra-gold,8431,12.4,8:17,3:16
93571,"October 13, 2025",sierra-gold,8432,13.9,8:15,3:35
93573,"October 13, 2025",sierra-gold,8433,12.3,8:06,3:16
93567,"October 13, 2025",sierra-gold,8472,4.4,8:26,1:59
93565,"October 13, 2025",sierra-gold,8475,4.8,8:31,2:03
93566,"October 13, 2025",sierra-gold,8480,4.2,8:23,1:51
93335,"October 10, 2025",sierra-gold,8431,11.2,8:17,3:00
93324,"October 10, 2025",sierra-gold,8432,13.5,8:17,3:32
93337,"October 10, 2025",sierra-gold,8433,10.9,8:16,2:55
93322,"October 10, 2025",sierra-gold,8472,3.4,7:31,1:15
93316,"October 10, 2025",sierra-gold,8475,3.8,7:33,1:21
93317,"October 10, 2025",sierra-gold,8480,3.4,8:34,1:15
93152,"October 9, 2025",sierra-gold,8431,2.5,8:04,0:42
93147,"October 9, 2025",sierra-gold,8432,1.2,7:17,0:20
93154,"October 9, 2025",sierra-gold,8433,2.7,8:07,0:48
93145,"October 9, 2025",sierra-gold,8472,3.9,8:36,1:31
93143,"October 9, 2025",sierra-gold,8475,4.5,8:36,1:42
93144,"October 9, 2025",sierra-gold,8480,2.7,8:37,1:06
92962,"October 8, 2025",sierra-gold,8431,11.3,8:17,3:03
92958,"October 8, 2025",sierra-gold,8432,12.9,8:15,3:26
92963,"October 8, 2025",sierra-gold,8433,10.9,8:34,2:55
92961,"October 8, 2025",sierra-gold,8472,2.9,8:27,1:05
92959,"October 8, 2025",sierra-gold,8475,3.5,8:27,1:17
92960,"October 8, 2025",sierra-gold,8480,3.0,8:42,1:08
92756,"October 7, 2025",sierra-gold,8431,9.4,8:18,2:41
92757,"October 7, 2025",sierra-gold,8432,11.9,8:18,3:22
92762,"October 7, 2025",sierra-gold,8433,10.4,8:33,3:00
92755,"October 7, 2025",sierra-gold,8472,2.4,7:55,0:57
92758,"October 7, 2025",sierra-gold,8475,3.1,8:15,1:10
92759,"October 7, 2025",sierra-gold,8480,2.3,7:56,0:54
92533,"October 6, 2025",sierra-gold,8431,6.8,8:17,2:04
92531,"October 6, 2025",sierra-gold,8432,7.7,8:17,2:21
92534,"October 6, 2025",sierra-gold,8433,6.3,8:16,1:58
92525,"October 6, 2025",sierra-gold,8472,2.0,8:36,0:50
92520,"October 6, 2025",sierra-gold,8475,2.9,8:27,1:09
92524,"October 6, 2025",sierra-gold,8480,1.2,8:27,0:30
92311,"October 3, 2025",sierra-gold,8431,2.9,6:38,0:51
92302,"October 3, 2025",sierra-gold,8432,3.8,5:06,1:05
92313,"October 3, 2025",sierra-gold,8433,2.8,4:47,0:47
92297,"October 3, 2025",sierra-gold,8472,3.5,8:32,1:25
92296,"October 3, 2025",sierra-gold,8475,1.7,6:41,0:44
92298,"October 3, 2025",sierra-gold,8480,2.8,8:33,1:11
92099,"October 2, 2025",sierra-gold,8431,4.0,8:17,1:17
92083,"October 2, 2025",sierra-gold,8432,6.6,8:11,1:59
92100,"October 2, 2025",sierra-gold,8433,4.0,8:05,1:14
92074,"October 2, 2025",sierra-gold,8472,6.2,8:35,2:10
92081,"October 2, 2025",sierra-gold,8475,7.0,8:11,2:24
92075,"October 2, 2025",sierra-gold,8480,6.9,8:04,2:23
91957,"October 1, 2025",sierra-gold,8432,0.1,0:14,0:01
91901,"October 1, 2025",sierra-gold,8472,3.4,5:32,1:21
91900,"October 1, 2025",sierra-gold,8475,3.7,5:35,1:26
91902,"October 1, 2025",sierra-gold,8480,3.6,5:32,1:22
91664,"September 30, 2025",sierra-gold,8431,9.0,8:23,2:45
91622,"September 30, 2025",sierra-gold,8432,9.6,8:16,2:58
91673,"September 30, 2025",sierra-gold,8433,9.0,8:26,2:45
91464,"September 29, 2025",sierra-gold,8431,7.3,7:48,2:18
91412,"September 29, 2025",sierra-gold,8432,5.4,7:51,2:15
91488,"September 29, 2025",sierra-gold,8433,5.8,7:04,1:48
91455,"September 29, 2025",sierra-gold,8472,4.6,8:36,1:57
91430,"September 29, 2025",sierra-gold,8475,4.1,8:33,1:47
91441,"September 29, 2025",sierra-gold,8480,6.2,8:31,2:02
91183,"September 26, 2025",sierra-gold,8431,0.8,8:19,0:17
91176,"September 26, 2025",sierra-gold,8432,1.3,5:39,0:27
91169,"September 26, 2025",sierra-gold,8472,4.3,8:36,1:49
91161,"September 26, 2025",sierra-gold,8475,4.5,8:43,1:51
91168,"September 26, 2025",sierra-gold,8480,4.4,8:41,1:52
90999,"September 25, 2025",sierra-gold,8431,3.4,8:08,1:04
91073,"September 25, 2025",sierra-gold,8432,0.2,0:16,0:06
90984,"September 25, 2025",sierra-gold,8472,4.3,8:40,1:48
90980,"September 25, 2025",sierra-gold,8475,4.5,8:36,1:48
90991,"September 25, 2025",sierra-gold,8480,4.0,8:35,1:35
90809,"September 24, 2025",sierra-gold,8431,3.1,7:37,1:00
90808,"September 24, 2025",sierra-gold,8433,2.4,7:37,0:49
90796,"September 24, 2025",sierra-gold,8472,3.7,8:44,1:30
90794,"September 24, 2025",sierra-gold,8475,2.6,8:42,1:04
90801,"September 24, 2025",sierra-gold,8480,2.4,7:56,0:58
90654,"September 23, 2025",sierra-gold,8431,9.2,8:37,2:54
90653,"September 23, 2025",sierra-gold,8433,3.7,7:49,1:10
90634,"September 23, 2025",sierra-gold,8472,0.4,8:40,0:12
90632,"September 23, 2025",sierra-gold,8475,0.5,8:41,0:13
90639,"September 23, 2025",sierra-gold,8480,0.5,8:29,0:14
90493,"September 22, 2025",sierra-gold,8431,10.6,8:20,3:18
90491,"September 22, 2025",sierra-gold,8432,1.9,8:26,0:37
90492,"September 22, 2025",sierra-gold,8433,10.1,8:18,3:11
90473,"September 22, 2025",sierra-gold,8472,4.2,8:43,1:54
90472,"September 22, 2025",sierra-gold,8475,3.8,8:36,1:41
90481,"September 22, 2025",sierra-gold,8480,3.7,8:38,1:39
90273,"September 19, 2025",sierra-gold,8431,7.7,8:38,2:36
90101,"September 19, 2025",sierra-gold,8432,9.4,8:35,3:02
90288,"September 19, 2025",sierra-gold,8433,7.0,7:54,2:22
90269,"September 19, 2025",sierra-gold,8472,6.5,8:32,2:32
90233,"September 19, 2025",sierra-gold,8475,6.6,8:32,2:30
90169,"September 19, 2025",sierra-gold,8480,6.3,8:41,2:26
90024,"September 18, 2025",sierra-gold,8472,3.5,7:56,1:23
90023,"September 18, 2025",sierra-gold,8475,3.3,7:56,1:15
90026,"September 18, 2025",sierra-gold,8480,3.3,7:56,1:19
89899,"September 17, 2025",sierra-gold,8433,0.8,3:14,0:19
89864,"September 17, 2025",sierra-gold,8472,4.6,6:35,1:48
89862,"September 17, 2025",sierra-gold,8475,4.4,6:35,1:39
89868,"September 17, 2025",sierra-gold,8480,4.0,6:35,1:31
89694,"September 16, 2025",sierra-gold,8431,8.6,8:34,2:54
89693,"September 16, 2025",sierra-gold,8432,7.8,8:28,2:41
89712,"September 16, 2025",sierra-gold,8433,1.4,7:46,0:33
89684,"September 16, 2025",sierra-gold,8472,4.5,8:33,1:52
89681,"September 16, 2025",sierra-gold,8475,4.7,8:38,1:55
89688,"September 16, 2025",sierra-gold,8480,4.5,8:32,1:53
89517,"September 15, 2025",sierra-gold,8431,0.9,3:40,0:22
89528,"September 15, 2025",sierra-gold,8432,1.3,3:40,0:32
89492,"September 15, 2025",sierra-gold,8472,4.3,8:27,1:52
89485,"September 15, 2025",sierra-gold,8475,4.9,8:41,2:06
89508,"September 15, 2025",sierra-gold,8480,4.3,8:39,1:52
89239,"September 12, 2025",sierra-gold,8431,1.2,8:16,0:30
89235,"September 12, 2025",sierra-gold,8432,0.9,8:14,0:24
89229,"September 12, 2025",sierra-gold,8472,2.9,8:33,1:16
89227,"September 12, 2025",sierra-gold,8475,3.3,8:36,1:27
89231,"September 12, 2025",sierra-gold,8480,3.0,8:32,1:19
89098,"September 11, 2025",sierra-gold,8431,2.4,6:17,0:57
89097,"September 11, 2025",sierra-gold,8432,2.1,6:10,0:49
89114,"September 11, 2025",sierra-gold,8433,0.3,0:51,0:07
89057,"September 11, 2025",sierra-gold,8472,3.6,8:31,1:34
89055,"September 11, 2025",sierra-gold,8475,3.8,8:38,1:36
89063,"September 11, 2025",sierra-gold,8480,3.6,8:20,1:30
88917,"September 10, 2025",sierra-gold,8431,2.7,7:09,1:05
88914,"September 10, 2025",sierra-gold,8432,2.6,7:09,1:03
88876,"September 10, 2025",sierra-gold,8472,5.7,8:36,2:09
88875,"September 10, 2025",sierra-gold,8475,5.1,8:26,1:53
88879,"September 10, 2025",sierra-gold,8480,5.2,8:36,1:58
88727,"September 9, 2025",sierra-gold,8431,2.6,7:47,1:03
88726,"September 9, 2025",sierra-gold,8432,2.7,8:04,1:04
88728,"September 9, 2025",sierra-gold,8433,1.0,7:27,0:24
88761,"September 9, 2025",sierra-gold,8472,2.3,2:52,0:47
88760,"September 9, 2025",sierra-gold,8475,2.3,2:53,0:44
88762,"September 9, 2025",sierra-gold,8480,2.2,2:57,0:43
88506,"September 8, 2025",sierra-gold,8431,3.0,8:05,1:12
88532,"September 8, 2025",sierra-gold,8432,2.6,7:04,1:03
88556,"September 8, 2025",sierra-gold,8433,1.7,4:43,0:35
88254,"September 5, 2025",sierra-gold,8431,2.3,8:11,1:04
88252,"September 5, 2025",sierra-gold,8432,2.4,8:18,1:05
88253,"September 5, 2025",sierra-gold,8433,2.4,7:13,0:47
88238,"September 5, 2025",sierra-gold,8472,3.8,8:39,1:20
88239,"September 5, 2025",sierra-gold,8475,3.1,8:41,1:03
88245,"September 5, 2025",sierra-gold,8480,3.9,8:41,1:20
88116,"September 4, 2025",sierra-gold,8431,2.7,6:34,1:04
88115,"September 4, 2025",sierra-gold,8432,2.6,6:34,1:04
88095,"September 4, 2025",sierra-gold,8433,1.2,7:50,0:30
88060,"September 4, 2025",sierra-gold,8472,6.2,8:45,2:16
88055,"September 4, 2025",sierra-gold,8475,6.7,8:47,2:21
88064,"September 4, 2025",sierra-gold,8480,6.3,8:38,2:14
87901,"September 3, 2025",sierra-gold,8431,2.7,8:00,1:04
87898,"September 3, 2025",sierra-gold,8432,2.5,8:10,1:01
87931,"September 3, 2025",sierra-gold,8433,1.0,6:06,0:30
87874,"September 3, 2025",sierra-gold,8472,5.7,8:41,2:18
87870,"September 3, 2025",sierra-gold,8475,6.2,8:44,2:26
87877,"September 3, 2025",sierra-gold,8480,6.1,8:38,2:24
87675,"September 2, 2025",sierra-gold,8431,3.1,8:24,1:13
87673,"September 2, 2025",sierra-gold,8432,3.4,8:24,1:22
87648,"September 2, 2025",sierra-gold,8472,6.8,8:39,2:33
87645,"September 2, 2025",sierra-gold,8475,6.9,8:36,2:33
87660,"September 2, 2025",sierra-gold,8480,6.8,8:33,2:34
87295,"August 29, 2025",sierra-gold,8431,2.7,7:40,1:06
87288,"August 29, 2025",sierra-gold,8432,3.5,7:55,1:22
87291,"August 29, 2025",sierra-gold,8433,2.4,7:59,0:50
87282,"August 29, 2025",sierra-gold,8472,4.1,8:26,1:45
87280,"August 29, 2025",sierra-gold,8475,4.9,8:28,1:59
87283,"August 29, 2025",sierra-gold,8480,4.7,8:30,1:55
87129,"August 28, 2025",sierra-gold,8431,4.5,8:10,1:40
87125,"August 28, 2025",sierra-gold,8432,4.4,8:07,1:36
87185,"August 28, 2025",sierra-gold,8433,1.2,7:55,0:36
87114,"August 28, 2025",sierra-gold,8472,5.9,8:32,2:16
87113,"August 28, 2025",sierra-gold,8475,6.1,8:27,2:18
87115,"August 28, 2025",sierra-gold,8480,6.0,8:35,2:15
86893,"August 27, 2025",sierra-gold,8431,0.9,2:37,0:21
86890,"August 27, 2025",sierra-gold,8432,1.4,2:37,0:30
86883,"August 27, 2025",sierra-gold,8472,6.0,8:32,2:26
86882,"August 27, 2025",sierra-gold,8475,5.7,8:32,2:14
86884,"August 27, 2025",sierra-gold,8480,6.0,8:29,2:24
86736,"August 26, 2025",sierra-gold,8431,2.8,6:37,0:59
86735,"August 26, 2025",sierra-gold,8432,2.5,6:34,0:54
86697,"August 26, 2025",sierra-gold,8433,1.2,7:37,0:32
86641,"August 26, 2025",sierra-gold,8472,4.1,8:27,1:39
86640,"August 26, 2025",sierra-gold,8475,4.4,8:28,1:45
86646,"August 26, 2025",sierra-gold,8480,4.1,8:28,1:39
86461,"August 25, 2025",sierra-gold,8431,4.0,8:09,1:31
86459,"August 25, 2025",sierra-gold,8432,3.5,8:06,1:20
86460,"August 25, 2025",sierra-gold,8433,2.3,7:58,0:52
86443,"August 25, 2025",sierra-gold,8472,4.2,8:25,1:42
86442,"August 25, 2025",sierra-gold,8475,4.1,8:11,1:38
86444,"August 25, 2025",sierra-gold,8480,4.2,8:19,1:36
86185,"August 22, 2025",sierra-gold,8472,4.6,6:44,1:55
86184,"August 22, 2025",sierra-gold,8475,4.5,6:54,1:53
86192,"August 22, 2025",sierra-gold,8480,4.1,6:27,1:44
86050,"August 21, 2025",sierra-gold,8433,1.5,6:14,0:38
85990,"August 21, 2025",sierra-gold,8472,2.8,7:08,1:11
85989,"August 21, 2025",sierra-gold,8475,2.8,7:00,1:08
85991,"August 21, 2025",sierra-gold,8480,2.8,7:07,1:10
85863,"August 20, 2025",sierra-gold,8433,1.0,6:53,0:26
85805,"August 20, 2025",sierra-gold,8472,4.5,8:27,1:51
85804,"August 20, 2025",sierra-gold,8475,4.3,8:27,1:45
85808,"August 20, 2025",sierra-gold,8480,4.4,8:01,1:47
85654,"August 19, 2025",sierra-gold,8431,3.4,7:59,1:22
85658,"August 19, 2025",sierra-gold,8432,3.8,8:04,1:32
85648,"August 19, 2025",sierra-gold,8433,1.1,8:31,0:32
85650,"August 19, 2025",sierra-gold,8472,2.0,8:24,0:47
85647,"August 19, 2025",sierra-gold,8475,0.3,7:20,0:09
85646,"August 19, 2025",sierra-gold,8480,2.3,7:27,0:58
85449,"August 18, 2025",sierra-gold,8431,5.4,8:31,2:12
85519,"August 18, 2025",sierra-gold,8432,0.4,7:37,0:12
85521,"August 18, 2025",sierra-gold,8433,0.7,5:54,0:18
85520,"August 18, 2025",sierra-gold,8472,2.2,7:30,0:55
85448,"August 18, 2025",sierra-gold,8475,6.3,9:11,2:36
85451,"August 18, 2025",sierra-gold,8480,6.0,8:35,2:27
85222,"August 15, 2025",sierra-gold,8431,6.6,7:59,2:34
85220,"August 15, 2025",sierra-gold,8433,1.1,8:49,0:27
85212,"August 15, 2025",sierra-gold,8472,7.0,8:33,2:51
85211,"August 15, 2025",sierra-gold,8475,1.0,8:24,0:26
85215,"August 15, 2025",sierra-gold,8480,6.8,8:23,2:42
85032,"August 14, 2025",sierra-gold,8431,5.2,8:32,1:49
85029,"August 14, 2025",sierra-gold,8432,4.8,8:15,1:42
85030,"August 14, 2025",sierra-gold,8433,1.6,8:17,0:40
85017,"August 14, 2025",sierra-gold,8472,4.5,8:37,1:59
85022,"August 14, 2025",sierra-gold,8475,4.6,8:40,1:59
85024,"August 14, 2025",sierra-gold,8480,1.9,6:58,0:49
84849,"August 13, 2025",sierra-gold,8431,4.7,8:10,1:38
84846,"August 13, 2025",sierra-gold,8432,4.7,8:17,1:35
84909,"August 13, 2025",sierra-gold,8433,0.8,2:33,0:17
84832,"August 13, 2025",sierra-gold,8472,5.7,8:18,2:19
84831,"August 13, 2025",sierra-gold,8475,5.7,8:17,2:18
84838,"August 13, 2025",sierra-gold,8480,0.6,8:25,0:28
84668,"August 12, 2025",sierra-gold,8431,7.6,8:28,2:47
84670,"August 12, 2025",sierra-gold,8432,6.8,8:13,2:31
84688,"August 12, 2025",sierra-gold,8433,1.9,7:24,0:41
84671,"August 12, 2025",sierra-gold,8472,7.4,8:14,2:45
84665,"August 12, 2025",sierra-gold,8475,0.5,7:48,0:14
84669,"August 12, 2025",sierra-gold,8480,1.3,8:09,0:32
84490,"August 11, 2025",sierra-gold,8431,5.2,7:04,2:10
84488,"August 11, 2025",sierra-gold,8475,5.4,7:07,2:16
84491,"August 11, 2025",sierra-gold,8480,5.4,7:08,2:18
84369,"August 8, 2025",sierra-gold,8431,2.9,5:27,1:19
84360,"August 8, 2025",sierra-gold,8432,0.0,6:26,0:01
84344,"August 8, 2025",sierra-gold,8433,2.3,8:13,0:56
84337,"August 8, 2025",sierra-gold,8472,1.5,8:24,0:42
84336,"August 8, 2025",sierra-gold,8475,4.2,7:14,1:55
84340,"August 8, 2025",sierra-gold,8480,3.8,7:06,1:47
84215,"August 7, 2025",sierra-gold,8431,0.2,7:45,0:06
84230,"August 7, 2025",sierra-gold,8432,0.1,7:00,0:03
84211,"August 7, 2025",sierra-gold,8433,2.2,8:33,0:59
84251,"August 7, 2025",sierra-gold,8472,2.3,5:27,1:09
84210,"August 7, 2025",sierra-gold,8475,4.1,8:36,1:52
84214,"August 7, 2025",sierra-gold,8480,3.8,8:36,1:45
84077,"August 6, 2025",sierra-gold,8431,0.9,8:25,0:18
84072,"August 6, 2025",sierra-gold,8433,6.0,8:30,2:29
84071,"August 6, 2025",sierra-gold,8475,6.0,8:28,2:27
84075,"August 6, 2025",sierra-gold,8480,5.9,8:33,2:24
83948,"August 5, 2025",sierra-gold,8433,6.9,8:33,2:55
83947,"August 5, 2025",sierra-gold,8475,7.1,8:33,2:57
83949,"August 5, 2025",sierra-gold,8480,6.5,8:32,2:42
83878,"August 4, 2025",sierra-gold,8431,0.1,0:33,0:04
83877,"August 4, 2025",sierra-gold,8432,0.0,0:02,0:00
83813,"August 4, 2025",sierra-gold,8433,5.9,8:35,2:26
83836,"August 4, 2025",sierra-gold,8472,0.4,7:12,0:09
83812,"August 4, 2025",sierra-gold,8475,5.9,8:40,2:25
83814,"August 4, 2025",sierra-gold,8480,6.0,8:33,2:27
83627,"August 1, 2025",sierra-gold,8431,1.2,6:41,0:24
83625,"August 1, 2025",sierra-gold,8432,2.6,6:45,0:54
83611,"August 1, 2025",sierra-gold,8433,6.9,8:30,2:45
83626,"August 1, 2025",sierra-gold,8472,3.5,8:30,1:11
83609,"August 1, 2025",sierra-gold,8475,7.2,8:34,2:48
83617,"August 1, 2025",sierra-gold,8480,7.3,8:34,2:49
83515,"July 31, 2025",sierra-gold,8431,4.7,8:38,1:44
83513,"July 31, 2025",sierra-gold,8432,3.9,8:17,1:27
83510,"July 31, 2025",sierra-gold,8433,6.0,8:33,2:13
83514,"July 31, 2025",sierra-gold,8472,4.4,8:10,1:41
83509,"July 31, 2025",sierra-gold,8475,4.7,8:30,2:01
83511,"July 31, 2025",sierra-gold,8480,5.1,8:35,2:04
83368,"July 30, 2025",sierra-gold,8431,5.1,8:35,1:58
83366,"July 30, 2025",sierra-gold,8432,5.1,8:12,1:58
83360,"July 30, 2025",sierra-gold,8433,4.1,8:34,1:21
83367,"July 30, 2025",sierra-gold,8472,4.9,8:17,1:56
83359,"July 30, 2025",sierra-gold,8475,3.5,8:34,1:09
83361,"July 30, 2025",sierra-gold,8480,4.4,8:44,1:28
83241,"July 29, 2025",sierra-gold,8431,3.6,8:17,1:25
83249,"July 29, 2025",sierra-gold,8432,3.7,8:11,1:25
83233,"July 29, 2025",sierra-gold,8433,6.0,8:34,2:33
83250,"July 29, 2025",sierra-gold,8472,3.2,7:58,1:17
83232,"July 29, 2025",sierra-gold,8475,6.0,8:28,2:26
83235,"July 29, 2025",sierra-gold,8480,5.8,8:34,2:30
83110,"July 28, 2025",sierra-gold,8431,2.7,8:16,1:04
83107,"July 28, 2025",sierra-gold,8432,3.7,8:13,1:20
83100,"July 28, 2025",sierra-gold,8433,7.4,8:29,3:06
83108,"July 28, 2025",sierra-gold,8472,3.3,8:17,1:12
83098,"July 28, 2025",sierra-gold,8475,7.3,8:32,3:05
83102,"July 28, 2025",sierra-gold,8480,7.4,8:28,3:07
82905,"July 25, 2025",sierra-gold,8431,4.0,7:47,1:16
82902,"July 25, 2025",sierra-gold,8432,5.2,8:21,1:37
82898,"July 25, 2025",sierra-gold,8433,7.5,8:38,2:52
82903,"July 25, 2025",sierra-gold,8472,3.8,8:15,1:15
82895,"July 25, 2025",sierra-gold,8475,7.9,8:26,2:57
82900,"July 25, 2025",sierra-gold,8480,8.3,8:38,3:06
82771,"July 24, 2025",sierra-gold,8431,5.4,7:50,1:43
82769,"July 24, 2025",sierra-gold,8432,5.4,8:31,1:41
82710,"July 24, 2025",sierra-gold,8433,3.0,8:56,1:14
82770,"July 24, 2025",sierra-gold,8472,6.2,8:27,1:54
82705,"July 24, 2025",sierra-gold,8475,2.3,8:46,0:56
82715,"July 24, 2025",sierra-gold,8480,2.7,8:47,1:07
82537,"July 23, 2025",sierra-gold,8431,6.8,8:26,1:56
82522,"July 23, 2025",sierra-gold,8432,6.3,8:34,1:44
82515,"July 23, 2025",sierra-gold,8433,3.7,7:47,1:21
82524,"July 23, 2025",sierra-gold,8472,5.7,8:15,1:42
82514,"July 23, 2025",sierra-gold,8475,2.7,7:46,1:01
82517,"July 23, 2025",sierra-gold,8480,3.2,7:47,1:11
82269,"July 22, 2025",sierra-gold,8431,0.2,0:09,0:05
82299,"July 22, 2025",sierra-gold,8431,7.2,8:35,1:58
82329,"July 22, 2025",sierra-gold,8431,0.2,0:09,0:05
82359,"July 22, 2025",sierra-gold,8431,0.2,0:09,0:05
82256,"July 22, 2025",sierra-gold,8432,0.3,0:07,0:05
82286,"July 22, 2025",sierra-gold,8432,7.0,8:17,1:54
82316,"July 22, 2025",sierra-gold,8432,0.3,0:07,0:05
82346,"July 22, 2025",sierra-gold,8432,0.3,0:07,0:05
82247,"July 22, 2025",sierra-gold,8433,7.0,8:41,2:22
82259,"July 22, 2025",sierra-gold,8472,0.2,0:08,0:04
82289,"July 22, 2025",sierra-gold,8472,7.1,8:37,1:57
82319,"July 22, 2025",sierra-gold,8472,0.2,0:08,0:04
82349,"July 22, 2025",sierra-gold,8472,0.2,0:08,0:04
82245,"July 22, 2025",sierra-gold,8475,7.2,8:34,2:25
82249,"July 22, 2025",sierra-gold,8480,7.4,8:40,2:26
82046,"July 21, 2025",sierra-gold,8431,3.0,8:43,1:06
82044,"July 21, 2025",sierra-gold,8432,3.3,8:26,1:11
82045,"July 21, 2025",sierra-gold,8433,6.1,8:43,2:13
82049,"July 21, 2025",sierra-gold,8472,2.3,8:11,0:58
82043,"July 21, 2025",sierra-gold,8475,6.6,8:42,2:23
82047,"July 21, 2025",sierra-gold,8480,6.7,8:41,2:23
81851,"July 18, 2025",sierra-gold,8431,5.3,8:43,1:55
81841,"July 18, 2025",sierra-gold,8432,4.0,8:44,1:31
81832,"July 18, 2025",sierra-gold,8433,5.0,8:38,1:56
81842,"July 18, 2025",sierra-gold,8472,4.5,8:15,1:40
81830,"July 18, 2025",sierra-gold,8475,5.0,8:32,1:57
81834,"July 18, 2025",sierra-gold,8480,4.8,8:34,1:55
81692,"July 17, 2025",sierra-gold,8431,4.7,8:27,1:40
81681,"July 17, 2025",sierra-gold,8432,5.3,8:13,1:50
81675,"July 17, 2025",sierra-gold,8433,5.0,8:34,1:49
81684,"July 17, 2025",sierra-gold,8472,5.5,8:23,1:56
81674,"July 17, 2025",sierra-gold,8475,5.6,8:42,2:02
81677,"July 17, 2025",sierra-gold,8480,4.8,8:42,1:45
81498,"July 16, 2025",sierra-gold,8431,5.2,8:01,1:48
81495,"July 16, 2025",sierra-gold,8432,5.6,8:36,1:56
81487,"July 16, 2025",sierra-gold,8433,5.0,8:45,1:53
81497,"July 16, 2025",sierra-gold,8472,5.4,8:36,1:58
81485,"July 16, 2025",sierra-gold,8475,5.3,8:43,2:02
81494,"July 16, 2025",sierra-gold,8480,4.9,8:22,1:55
81351,"July 15, 2025",sierra-gold,8431,5.2,8:26,1:46
81347,"July 15, 2025",sierra-gold,8432,5.4,8:38,1:51
81386,"July 15, 2025",sierra-gold,8433,2.4,5:53,1:01
81348,"July 15, 2025",sierra-gold,8472,5.4,8:27,1:49
81384,"July 15, 2025",sierra-gold,8475,2.7,5:51,1:06
81387,"July 15, 2025",sierra-gold,8480,3.0,5:51,1:13
81187,"July 14, 2025",sierra-gold,8431,4.8,8:43,1:39
81193,"July 14, 2025",sierra-gold,8432,4.7,8:34,1:37
81186,"July 14, 2025",sierra-gold,8433,0.8,8:37,0:21
81194,"July 14, 2025",sierra-gold,8472,4.5,8:17,1:33
81190,"July 14, 2025",sierra-gold,8475,1.2,8:23,0:31
81189,"July 14, 2025",sierra-gold,8480,1.1,8:38,0:29
80858,"July 11, 2025",sierra-gold,8431,4.6,6:55,1:34
80827,"July 11, 2025",sierra-gold,8432,4.1,6:59,1:25
80814,"July 11, 2025",sierra-gold,8433,4.6,7:00,1:49
80834,"July 11, 2025",sierra-gold,8472,4.3,7:01,1:30
80816,"July 11, 2025",sierra-gold,8475,4.1,7:06,1:40
80815,"July 11, 2025",sierra-gold,8480,4.8,7:01,1:50
80700,"July 10, 2025",sierra-gold,8431,4.6,8:08,1:35
80697,"July 10, 2025",sierra-gold,8432,4.0,8:01,1:24
80695,"July 10, 2025",sierra-gold,8433,6.6,8:37,2:45
80699,"July 10, 2025",sierra-gold,8472,4.7,8:27,1:41
80693,"July 10, 2025",sierra-gold,8475,6.8,8:29,2:46
80696,"July 10, 2025",sierra-gold,8480,6.6,8:30,2:43
80538,"July 9, 2025",sierra-gold,8431,5.3,8:27,1:52
80534,"July 9, 2025",sierra-gold,8432,4.8,8:04,1:33
80531,"July 9, 2025",sierra-gold,8433,6.5,8:46,2:34
80535,"July 9, 2025",sierra-gold,8472,3.9,8:04,1:18
80528,"July 9, 2025",sierra-gold,8475,6.8,8:41,2:44
80533,"July 9, 2025",sierra-gold,8480,6.5,8:43,2:34
80399,"July 8, 2025",sierra-gold,8431,5.4,8:32,1:45
80396,"July 8, 2025",sierra-gold,8432,4.6,8:09,1:30
80393,"July 8, 2025",sierra-gold,8433,5.9,8:43,2:24
80397,"July 8, 2025",sierra-gold,8472,4.2,8:18,1:24
80392,"July 8, 2025",sierra-gold,8475,5.7,8:48,2:20
80394,"July 8, 2025",sierra-gold,8480,5.4,8:45,2:13
80286,"July 7, 2025",sierra-gold,8431,5.0,8:34,1:35
80284,"July 7, 2025",sierra-gold,8432,5.0,8:40,1:33
80282,"July 7, 2025",sierra-gold,8433,4.2,8:34,1:32
80285,"July 7, 2025",sierra-gold,8472,5.2,8:15,1:41
80281,"July 7, 2025",sierra-gold,8475,5.4,8:34,1:51
80283,"July 7, 2025",sierra-gold,8480,5.1,8:36,1:48
80018,"July 3, 2025",sierra-gold,8431,3.5,7:33,1:06
80016,"July 3, 2025",sierra-gold,8432,2.7,8:28,0:54
80010,"July 3, 2025",sierra-gold,8433,7.3,8:29,2:51
80017,"July 3, 2025",sierra-gold,8472,2.5,7:29,0:52
80009,"July 3, 2025",sierra-gold,8475,6.9,8:36,2:41
80012,"July 3, 2025",sierra-gold,8480,7.3,8:36,2:51
79878,"July 2, 2025",sierra-gold,8431,5.2,8:34,1:35
79874,"July 2, 2025",sierra-gold,8432,4.3,8:04,1:19
79871,"July 2, 2025",sierra-gold,8433,6.9,8:45,2:49
79875,"July 2, 2025",sierra-gold,8472,4.4,8:15,1:24
79870,"July 2, 2025",sierra-gold,8475,6.7,8:38,2:47
79872,"July 2, 2025",sierra-gold,8480,7.4,8:37,2:51
79699,"July 1, 2025",sierra-gold,8431,1.6,3:30,0:31
79696,"July 1, 2025",sierra-gold,8432,5.7,7:59,1:42
79693,"July 1, 2025",sierra-gold,8433,7.3,8:21,2:57
79697,"July 1, 2025",sierra-gold,8472,5.0,8:12,1:30
79692,"July 1, 2025",sierra-gold,8475,6.8,8:32,2:47
79694,"July 1, 2025",sierra-gold,8480,7.2,8:42,2:55
79546,"June 30, 2025",sierra-gold,8431,4.2,6:09,1:12
79544,"June 30, 2025",sierra-gold,8432,6.2,8:03,1:45
79547,"June 30, 2025",sierra-gold,8433,8.0,8:43,2:58
79545,"June 30, 2025",sierra-gold,8472,6.3,8:15,1:48
79542,"June 30, 2025",sierra-gold,8475,7.8,8:39,2:48
79548,"June 30, 2025",sierra-gold,8480,7.9,8:40,2:54
79376,"June 27, 2025",sierra-gold,8431,6.1,8:28,1:48
79374,"June 27, 2025",sierra-gold,8432,6.5,8:30,1:47
79371,"June 27, 2025",sierra-gold,8433,8.4,8:48,2:43
79375,"June 27, 2025",sierra-gold,8472,5.8,8:24,1:39
79369,"June 27, 2025",sierra-gold,8475,8.0,8:50,2:31
79372,"June 27, 2025",sierra-gold,8480,8.0,8:42,2:34
79242,"June 26, 2025",sierra-gold,8431,5.1,8:40,1:50
79240,"June 26, 2025",sierra-gold,8432,4.6,8:21,1:37
79238,"June 26, 2025",sierra-gold,8433,6.2,8:49,2:11
79241,"June 26, 2025",sierra-gold,8472,3.8,8:04,1:24
79237,"June 26, 2025",sierra-gold,8475,6.7,8:53,2:19
79239,"June 26, 2025",sierra-gold,8480,6.2,8:48,2:12
79028,"June 25, 2025",sierra-gold,8431,4.2,8:12,1:28
79027,"June 25, 2025",sierra-gold,8432,4.0,8:09,1:25
79033,"June 25, 2025",sierra-gold,8433,4.0,8:30,1:34
79032,"June 25, 2025",sierra-gold,8472,4.7,8:35,1:39
79031,"June 25, 2025",sierra-gold,8475,4.6,8:22,1:42
79030,"June 25, 2025",sierra-gold,8480,4.1,8:04,1:36
78910,"June 24, 2025",sierra-gold,8431,4.9,8:17,1:32
78908,"June 24, 2025",sierra-gold,8432,5.4,8:25,1:43
78912,"June 24, 2025",sierra-gold,8433,5.2,8:32,2:02
78909,"June 24, 2025",sierra-gold,8472,5.1,8:28,1:35
78911,"June 24, 2025",sierra-gold,8475,4.7,8:32,1:58
78914,"June 24, 2025",sierra-gold,8480,4.9,8:35,2:02
78785,"June 23, 2025",sierra-gold,8431,4.3,8:15,1:25
78783,"June 23, 2025",sierra-gold,8432,4.4,8:32,1:23
78781,"June 23, 2025",sierra-gold,8433,6.0,8:49,2:19
78784,"June 23, 2025",sierra-gold,8472,4.3,8:24,1:25
78780,"June 23, 2025",sierra-gold,8475,6.1,9:00,2:24
78782,"June 23, 2025",sierra-gold,8480,5.7,8:56,2:18
78567,"June 20, 2025",sierra-gold,8431,4.9,8:18,1:31
78564,"June 20, 2025",sierra-gold,8432,6.7,8:17,2:01
78559,"June 20, 2025",sierra-gold,8433,6.5,8:47,2:31
78565,"June 20, 2025",sierra-gold,8472,6.3,8:33,1:54
78558,"June 20, 2025",sierra-gold,8475,6.4,8:49,2:28
78560,"June 20, 2025",sierra-gold,8480,6.7,8:48,2:33
78381,"June 19, 2025",sierra-gold,8431,2.8,8:09,1:09
78384,"June 19, 2025",sierra-gold,8432,3.6,7:24,1:24
78386,"June 19, 2025",sierra-gold,8433,5.0,8:31,2:08
78385,"June 19, 2025",sierra-gold,8472,3.7,7:49,1:25
78376,"June 19, 2025",sierra-gold,8475,4.2,8:22,1:50
78383,"June 19, 2025",sierra-gold,8480,3.2,8:21,1:19
78251,"June 18, 2025",sierra-gold,8431,3.3,7:44,1:18
78241,"June 18, 2025",sierra-gold,8432,5.0,8:45,1:59
78243,"June 18, 2025",sierra-gold,8433,5.4,8:55,2:08
78242,"June 18, 2025",sierra-gold,8472,5.3,8:54,2:05
78249,"June 18, 2025",sierra-gold,8475,4.3,8:26,1:41
78254,"June 18, 2025",sierra-gold,8480,4.5,8:07,1:41
78109,"June 17, 2025",sierra-gold,8431,6.8,8:16,2:02
78101,"June 17, 2025",sierra-gold,8432,4.5,8:49,2:04
78103,"June 17, 2025",sierra-gold,8433,4.3,8:55,2:05
78102,"June 17, 2025",sierra-gold,8472,4.2,8:46,2:00
78112,"June 17, 2025",sierra-gold,8475,5.9,8:38,1:45
78111,"June 17, 2025",sierra-gold,8480,6.2,8:33,1:52
78003,"June 16, 2025",sierra-gold,8431,5.7,8:28,1:43
78007,"June 16, 2025",sierra-gold,8432,5.4,8:36,2:01
78009,"June 16, 2025",sierra-gold,8433,4.9,8:37,1:49
78008,"June 16, 2025",sierra-gold,8472,5.2,8:37,1:58
78002,"June 16, 2025",sierra-gold,8475,6.4,8:47,1:54
78006,"June 16, 2025",sierra-gold,8480,5.6,8:17,1:38
77831,"June 13, 2025",sierra-gold,8431,5.5,7:47,1:35
77826,"June 13, 2025",sierra-gold,8432,4.4,8:39,1:51
77828,"June 13, 2025",sierra-gold,8433,4.7,8:43,1:58
77827,"June 13, 2025",sierra-gold,8472,4.6,8:38,1:56
77830,"June 13, 2025",sierra-gold,8475,6.0,8:03,1:43
77834,"June 13, 2025",sierra-gold,8480,6.4,8:19,1:50
77723,"June 12, 2025",sierra-gold,8431,4.7,8:11,1:25
77716,"June 12, 2025",sierra-gold,8432,4.5,8:47,1:43
77718,"June 12, 2025",sierra-gold,8433,4.6,8:54,1:44
77717,"June 12, 2025",sierra-gold,8472,4.8,8:58,1:51
77721,"June 12, 2025",sierra-gold,8475,4.2,8:03,1:19
77726,"June 12, 2025",sierra-gold,8480,4.7,8:08,1:24
77604,"June 11, 2025",sierra-gold,8431,5.4,7:49,1:49
77597,"June 11, 2025",sierra-gold,8432,6.2,8:52,2:13
77599,"June 11, 2025",sierra-gold,8433,6.3,8:49,2:12
77598,"June 11, 2025",sierra-gold,8472,5.4,8:48,1:53
77603,"June 11, 2025",sierra-gold,8475,5.2,7:39,1:45
77607,"June 11, 2025",sierra-gold,8480,5.6,8:22,1:58
77466,"June 10, 2025",sierra-gold,8431,5.1,8:27,1:43
77472,"June 10, 2025",sierra-gold,8432,5.3,8:28,1:52
77474,"June 10, 2025",sierra-gold,8433,5.1,8:33,1:46
77473,"June 10, 2025",sierra-gold,8472,5.9,8:46,2:05
77461,"June 10, 2025",sierra-gold,8475,4.3,8:06,1:36
77471,"June 10, 2025",sierra-gold,8480,4.8,8:18,1:40
77369,"June 9, 2025",sierra-gold,8431,5.2,7:08,1:39
77339,"June 9, 2025",sierra-gold,8432,4.5,8:50,1:35
77342,"June 9, 2025",sierra-gold,8433,4.5,8:40,1:35
77341,"June 9, 2025",sierra-gold,8472,4.8,8:42,1:41
77364,"June 9, 2025",sierra-gold,8475,5.2,7:07,1:40
77367,"June 9, 2025",sierra-gold,8480,5.3,6:53,1:41
77186,"June 6, 2025",sierra-gold,8431,4.3,8:03,1:32
77180,"June 6, 2025",sierra-gold,8432,6.2,8:42,2:06
77182,"June 6, 2025",sierra-gold,8433,6.2,8:44,2:05
77181,"June 6, 2025",sierra-gold,8472,6.4,8:40,2:10
77185,"June 6, 2025",sierra-gold,8475,5.0,8:21,1:43
77190,"June 6, 2025",sierra-gold,8480,4.7,8:06,1:39
77071,"June 5, 2025",sierra-gold,8431,3.5,8:41,1:08
77068,"June 5, 2025",sierra-gold,8432,5.2,8:47,1:57
77070,"June 5, 2025",sierra-gold,8433,5.0,8:47,1:48
77069,"June 5, 2025",sierra-gold,8472,5.3,8:48,1:56
77073,"June 5, 2025",sierra-gold,8475,3.8,8:17,1:14
77083,"June 5, 2025",sierra-gold,8480,3.3,8:02,1:05
76945,"June 4, 2025",sierra-gold,8431,5.0,8:03,1:42
76935,"June 4, 2025",sierra-gold,8432,3.3,7:32,1:20
76944,"June 4, 2025",sierra-gold,8433,3.1,8:06,1:15
76936,"June 4, 2025",sierra-gold,8472,4.4,8:01,1:36
76943,"June 4, 2025",sierra-gold,8475,3.2,8:11,1:00
76947,"June 4, 2025",sierra-gold,8480,2.9,8:14,0:53
76806,"June 3, 2025",sierra-gold,8431,5.8,8:26,2:06
76816,"June 3, 2025",sierra-gold,8432,5.6,8:29,1:53
76805,"June 3, 2025",sierra-gold,8433,5.5,8:42,1:54
76804,"June 3, 2025",sierra-gold,8472,5.7,8:51,1:55
76803,"June 3, 2025",sierra-gold,8475,6.0,8:49,2:09
76807,"June 3, 2025",sierra-gold,8480,5.3,8:21,1:56
76626,"June 2, 2025",sierra-gold,8431,6.0,7:59,2:08
76672,"June 2, 2025",sierra-gold,8432,0.0,6:25,0:00
76631,"June 2, 2025",sierra-gold,8433,4.2,8:30,1:34
76630,"June 2, 2025",sierra-gold,8472,4.7,8:37,1:41
76629,"June 2, 2025",sierra-gold,8475,6.0,8:11,2:03
76628,"June 2, 2025",sierra-gold,8480,6.6,8:16,2:11
76394,"May 30, 2025",sierra-gold,8431,4.2,8:00,1:15
76403,"May 30, 2025",sierra-gold,8432,0.1,7:08,0:04
76405,"May 30, 2025",sierra-gold,8433,7.7,8:36,2:37
76404,"May 30, 2025",sierra-gold,8472,6.8,8:36,2:20
76386,"May 30, 2025",sierra-gold,8475,5.9,8:41,1:45
76400,"May 30, 2025",sierra-gold,8480,5.2,8:12,1:32
76263,"May 29, 2025",sierra-gold,8431,5.1,7:58,1:31
76257,"May 29, 2025",sierra-gold,8475,5.5,8:17,1:36
76270,"May 29, 2025",sierra-gold,8480,5.0,8:17,1:28
76111,"May 28, 2025",sierra-gold,8431,5.4,8:13,1:38
76142,"May 28, 2025",sierra-gold,8432,2.9,10:56,1:06
76143,"May 28, 2025",sierra-gold,8433,4.2,7:58,1:34
76121,"May 28, 2025",sierra-gold,8472,3.4,8:06,1:18
76110,"May 28, 2025",sierra-gold,8475,5.1,7:49,1:30
76113,"May 28, 2025",sierra-gold,8480,5.7,8:28,1:44
75978,"May 27, 2025",sierra-gold,8431,3.5,7:59,1:04
75970,"May 27, 2025",sierra-gold,8432,4.1,8:51,1:27
75972,"May 27, 2025",sierra-gold,8433,4.3,8:43,1:29
75971,"May 27, 2025",sierra-gold,8472,3.6,8:45,1:20
75973,"May 27, 2025",sierra-gold,8475,4.2,8:25,1:19
75980,"May 27, 2025",sierra-gold,8480,4.4,8:07,1:22
75914,"May 26, 2025",sierra-gold,8431,4.2,8:36,2:06
75911,"May 26, 2025",sierra-gold,8432,4.0,8:26,1:24
75913,"May 26, 2025",sierra-gold,8433,3.8,8:24,1:20
75912,"May 26, 2025",sierra-gold,8472,3.4,8:39,1:15
75910,"May 26, 2025",sierra-gold,8475,4.4,8:36,2:11
75915,"May 26, 2025",sierra-gold,8480,4.6,8:42,1:49
75693,"May 23, 2025",sierra-gold,8431,5.0,8:34,1:59
75687,"May 23, 2025",sierra-gold,8432,4.8,8:34,1:41
75691,"May 23, 2025",sierra-gold,8433,4.9,8:33,1:43
75688,"May 23, 2025",sierra-gold,8472,4.9,8:39,1:45
75695,"May 23, 2025",sierra-gold,8475,4.6,8:25,1:50
75715,"May 23, 2025",sierra-gold,8480,4.9,8:28,1:51
75556,"May 22, 2025",sierra-gold,8431,4.9,8:28,1:47
75565,"May 22, 2025",sierra-gold,8432,8.2,8:32,2:34
75568,"May 22, 2025",sierra-gold,8433,7.8,8:32,2:26
75566,"May 22, 2025",sierra-gold,8472,8.1,8:32,2:35
75537,"May 22, 2025",sierra-gold,8475,5.0,8:22,1:46
75563,"May 22, 2025",sierra-gold,8480,5.0,8:23,1:41
75386,"May 21, 2025",sierra-gold,8431,6.9,8:22,2:29
75382,"May 21, 2025",sierra-gold,8432,4.1,8:43,1:33
75383,"May 21, 2025",sierra-gold,8433,4.7,8:45,1:45
75388,"May 21, 2025",sierra-gold,8472,5.5,8:33,2:06
75384,"May 21, 2025",sierra-gold,8475,6.6,8:14,2:21
75387,"May 21, 2025",sierra-gold,8480,6.3,8:06,2:10
75234,"May 20, 2025",sierra-gold,8431,4.8,7:42,1:37
75224,"May 20, 2025",sierra-gold,8432,0.8,8:16,0:18
75228,"May 20, 2025",sierra-gold,8433,0.7,8:17,0:16
75226,"May 20, 2025",sierra-gold,8472,0.9,8:17,0:21
75217,"May 20, 2025",sierra-gold,8475,4.7,7:38,1:40
75244,"May 20, 2025",sierra-gold,8480,5.6,7:43,1:47
75083,"May 19, 2025",sierra-gold,8431,6.4,8:02,1:56
75079,"May 19, 2025",sierra-gold,8432,5.2,8:16,1:42
75081,"May 19, 2025",sierra-gold,8433,5.1,8:13,1:37
75080,"May 19, 2025",sierra-gold,8472,4.9,8:18,1:38
75074,"May 19, 2025",sierra-gold,8475,6.8,8:09,2:10
75085,"May 19, 2025",sierra-gold,8480,7.0,8:10,2:05
74876,"May 16, 2025",sierra-gold,8431,7.5,8:13,2:12
74887,"May 16, 2025",sierra-gold,8432,8.2,8:27,2:44
74889,"May 16, 2025",sierra-gold,8433,7.5,8:26,2:31
74888,"May 16, 2025",sierra-gold,8472,7.8,8:37,2:37
74861,"May 16, 2025",sierra-gold,8475,6.8,8:16,2:01
74885,"May 16, 2025",sierra-gold,8480,6.7,8:00,1:57
74757,"May 15, 2025",sierra-gold,8431,6.8,8:25,2:06
74768,"May 15, 2025",sierra-gold,8432,5.4,8:16,1:57
74770,"May 15, 2025",sierra-gold,8433,6.0,8:17,2:11
74769,"May 15, 2025",sierra-gold,8472,5.4,8:19,1:56
74750,"May 15, 2025",sierra-gold,8475,6.9,8:14,2:05
74763,"May 15, 2025",sierra-gold,8480,7.3,8:30,2:12
74625,"May 14, 2025",sierra-gold,8431,5.5,8:04,1:42
74615,"May 14, 2025",sierra-gold,8432,5.1,8:37,1:38
74617,"May 14, 2025",sierra-gold,8433,5.6,8:35,1:44
74616,"May 14, 2025",sierra-gold,8472,5.6,8:38,1:43
74629,"May 14, 2025",sierra-gold,8475,5.4,8:29,1:39
74628,"May 14, 2025",sierra-gold,8480,5.7,8:16,1:40
74498,"May 13, 2025",sierra-gold,8431,3.3,5:19,0:57
74509,"May 13, 2025",sierra-gold,8432,4.8,7:42,1:32
74511,"May 13, 2025",sierra-gold,8433,4.4,7:43,1:27
74510,"May 13, 2025",sierra-gold,8472,5.2,7:40,1:46
74484,"May 13, 2025",sierra-gold,8475,7.0,8:39,2:05
74506,"May 13, 2025",sierra-gold,8480,7.1,8:08,2:06
74341,"May 12, 2025",sierra-gold,8431,4.2,6:00,1:35
74333,"May 12, 2025",sierra-gold,8432,4.6,8:46,1:50
74335,"May 12, 2025",sierra-gold,8433,4.3,8:54,2:01
74334,"May 12, 2025",sierra-gold,8472,4.7,8:21,1:52
74336,"May 12, 2025",sierra-gold,8475,5.6,8:10,2:26
74345,"May 12, 2025",sierra-gold,8480,7.3,8:29,2:20
74223,"May 9, 2025",sierra-gold,8431,2.0,3:34,0:37
74159,"May 9, 2025",sierra-gold,8432,4.6,8:20,1:38
74161,"May 9, 2025",sierra-gold,8433,3.7,8:21,1:24
74160,"May 9, 2025",sierra-gold,8472,4.1,8:29,1:27
74222,"May 9, 2025",sierra-gold,8475,4.4,6:09,1:17
74224,"May 9, 2025",sierra-gold,8480,3.8,5:41,1:08
74043,"May 8, 2025",sierra-gold,8431,5.1,8:19,1:36
74029,"May 8, 2025",sierra-gold,8432,4.8,8:26,1:43
74031,"May 8, 2025",sierra-gold,8433,4.8,8:23,1:51
74030,"May 8, 2025",sierra-gold,8472,4.5,8:18,1:35
74034,"May 8, 2025",sierra-gold,8475,5.3,8:18,1:44
74048,"May 8, 2025",sierra-gold,8480,5.9,8:38,1:47
73890,"May 7, 2025",sierra-gold,8431,5.9,7:55,1:49
73887,"May 7, 2025",sierra-gold,8432,3.1,8:16,1:04
73889,"May 7, 2025",sierra-gold,8433,3.0,8:27,1:07
73888,"May 7, 2025",sierra-gold,8472,5.0,8:30,1:59
73885,"May 7, 2025",sierra-gold,8475,6.0,8:17,1:52
73892,"May 7, 2025",sierra-gold,8480,5.9,8:05,1:49
73753,"May 6, 2025",sierra-gold,8431,5.2,7:48,1:34
73814,"May 6, 2025",sierra-gold,8472,1.0,1:09,0:20
73752,"May 6, 2025",sierra-gold,8475,5.3,7:58,1:33
73755,"May 6, 2025",sierra-gold,8480,5.4,8:11,1:36
73663,"May 5, 2025",sierra-gold,8431,6.0,5:31,1:59
73635,"May 5, 2025",sierra-gold,8432,0.0,8:16,0:00
73636,"May 5, 2025",sierra-gold,8472,0.0,8:17,0:00
73662,"May 5, 2025",sierra-gold,8475,5.7,5:27,1:40
73664,"May 5, 2025",sierra-gold,8480,6.0,5:37,1:46
73509,"May 2, 2025",sierra-gold,8431,3.5,7:13,1:06
73501,"May 2, 2025",sierra-gold,8432,4.7,8:31,1:41
73503,"May 2, 2025",sierra-gold,8433,3.6,8:32,1:54
73502,"May 2, 2025",sierra-gold,8472,5.2,8:43,1:57
73505,"May 2, 2025",sierra-gold,8475,4.1,8:28,1:16
73511,"May 2, 2025",sierra-gold,8480,3.4,8:19,1:04
73403,"May 1, 2025",sierra-gold,8431,5.9,8:09,1:45
73431,"May 1, 2025",sierra-gold,8432,2.1,4:39,0:48
73433,"May 1, 2025",sierra-gold,8433,2.3,4:51,0:48
73432,"May 1, 2025",sierra-gold,8472,2.0,4:31,0:42
73401,"May 1, 2025",sierra-gold,8475,6.2,8:35,1:48
73405,"May 1, 2025",sierra-gold,8480,6.3,8:39,1:56
73313,"April 30, 2025",sierra-gold,8431,7.6,8:32,2:29
73305,"April 30, 2025",sierra-gold,8432,6.1,8:29,1:55
73309,"April 30, 2025",sierra-gold,8433,3.1,6:29,1:06
73306,"April 30, 2025",sierra-gold,8472,5.2,8:26,1:37
73311,"April 30, 2025",sierra-gold,8475,6.8,8:02,2:15
73314,"April 30, 2025",sierra-gold,8480,6.9,8:05,2:00
73218,"April 29, 2025",sierra-gold,8431,8.8,8:31,2:36
73212,"April 29, 2025",sierra-gold,8432,8.5,8:57,2:42
73214,"April 29, 2025",sierra-gold,8433,4.8,8:39,1:39
73213,"April 29, 2025",sierra-gold,8472,3.6,8:37,1:08
73217,"April 29, 2025",sierra-gold,8475,7.8,8:03,2:18
73220,"April 29, 2025",sierra-gold,8480,8.4,8:10,2:23
73120,"April 28, 2025",sierra-gold,8431,6.8,8:12,2:24
73117,"April 28, 2025",sierra-gold,8432,6.9,8:16,2:22
73119,"April 28, 2025",sierra-gold,8433,4.7,8:15,1:43
73118,"April 28, 2025",sierra-gold,8472,4.2,8:14,1:28
73116,"April 28, 2025",sierra-gold,8475,7.1,8:18,2:28
73121,"April 28, 2025",sierra-gold,8480,7.8,8:17,2:24
72967,"April 25, 2025",sierra-gold,8432,3.9,5:34,1:31
72928,"April 25, 2025",sierra-gold,8433,1.6,8:02,0:38
72927,"April 25, 2025",sierra-gold,8472,5.5,8:33,2:06
72929,"April 25, 2025",sierra-gold,8480,6.4,8:34,2:18
72837,"April 24, 2025",sierra-gold,8431,6.0,8:29,2:01
72832,"April 24, 2025",sierra-gold,8432,5.0,8:11,1:41
72834,"April 24, 2025",sierra-gold,8433,1.8,8:11,0:46
72833,"April 24, 2025",sierra-gold,8472,2.5,8:21,1:02
72836,"April 24, 2025",sierra-gold,8475,5.6,8:31,2:06
72835,"April 24, 2025",sierra-gold,8480,2.3,8:22,0:57
72717,"April 23, 2025",sierra-gold,8431,6.4,7:36,2:08
72714,"April 23, 2025",sierra-gold,8432,6.5,7:47,2:20
72716,"April 23, 2025",sierra-gold,8433,2.9,7:33,1:15
72715,"April 23, 2025",sierra-gold,8472,7.1,7:53,2:27
72713,"April 23, 2025",sierra-gold,8475,3.5,7:30,1:33
72718,"April 23, 2025",sierra-gold,8480,3.8,7:36,1:43
72607,"April 22, 2025",sierra-gold,8431,2.5,8:14,1:01
72604,"April 22, 2025",sierra-gold,8432,6.0,8:23,2:23
72605,"April 22, 2025",sierra-gold,8433,0.0,7:46,0:00
72606,"April 22, 2025",sierra-gold,8472,5.2,8:13,2:13
72603,"April 22, 2025",sierra-gold,8475,3.4,7:44,1:31
72638,"April 22, 2025",sierra-gold,8480,0.0,4:18,0:00
72446,"April 21, 2025",sierra-gold,8431,7.6,8:11,2:36
72442,"April 21, 2025",sierra-gold,8432,0.1,8:32,0:04
72443,"April 21, 2025",sierra-gold,8433,0.0,8:33,0:00
72445,"April 21, 2025",sierra-gold,8472,6.8,7:58,2:24
72444,"April 21, 2025",sierra-gold,8475,7.7,8:18,2:31
72235,"April 18, 2025",sierra-gold,8431,5.2,8:18,1:55
72229,"April 18, 2025",sierra-gold,8432,0.3,8:39,0:08
72230,"April 18, 2025",sierra-gold,8433,0.0,8:40,0:00
72234,"April 18, 2025",sierra-gold,8472,5.0,8:04,1:45
72232,"April 18, 2025",sierra-gold,8475,5.2,8:06,1:49
72116,"April 17, 2025",sierra-gold,8431,7.5,8:18,2:15
72111,"April 17, 2025",sierra-gold,8432,0.3,8:44,0:08
72112,"April 17, 2025",sierra-gold,8433,2.4,9:45,0:52
72115,"April 17, 2025",sierra-gold,8472,6.0,8:05,1:49
72114,"April 17, 2025",sierra-gold,8475,8.0,8:05,2:23
72150,"April 17, 2025",sierra-gold,8480,2.0,5:02,0:50
71974,"April 16, 2025",sierra-gold,8431,5.2,7:43,2:27
72032,"April 16, 2025",sierra-gold,8433,1.3,2:31,0:30
71973,"April 16, 2025",sierra-gold,8472,5.1,7:52,2:22
71970,"April 16, 2025",sierra-gold,8475,4.8,7:39,2:13
71858,"April 15, 2025",sierra-gold,8431,6.0,8:16,2:48
71856,"April 15, 2025",sierra-gold,8432,1.6,4:14,0:51
71854,"April 15, 2025",sierra-gold,8433,2.6,8:30,0:57
71853,"April 15, 2025",sierra-gold,8472,4.6,8:06,2:07
71855,"April 15, 2025",sierra-gold,8475,6.0,8:05,2:47
71748,"April 14, 2025",sierra-gold,8431,6.8,8:30,2:25
71751,"April 14, 2025",sierra-gold,8432,7.2,8:00,2:29
71747,"April 14, 2025",sierra-gold,8433,6.0,8:30,2:06
71752,"April 14, 2025",sierra-gold,8472,5.5,8:17,2:07
71750,"April 14, 2025",sierra-gold,8475,6.9,8:05,2:25
71699,"April 13, 2025",sierra-gold,8472,0.0,0:01,0:00
71611,"April 11, 2025",sierra-gold,8431,7.4,7:49,2:43
71608,"April 11, 2025",sierra-gold,8432,8.1,9:11,2:42
71605,"April 11, 2025",sierra-gold,8433,7.6,8:10,2:38
71610,"April 11, 2025",sierra-gold,8472,7.3,8:16,2:26
71603,"April 11, 2025",sierra-gold,8475,7.4,8:25,2:26
71516,"April 10, 2025",sierra-gold,8431,3.3,8:31,1:11
71523,"April 10, 2025",sierra-gold,8432,6.0,8:35,2:16
71515,"April 10, 2025",sierra-gold,8433,5.8,9:00,2:02
71514,"April 10, 2025",sierra-gold,8472,4.5,8:40,1:44
71522,"April 10, 2025",sierra-gold,8475,5.7,8:19,2:10
71517,"April 10, 2025",sierra-gold,8480,0.6,8:58,0:19
71425,"April 9, 2025",sierra-gold,8431,3.3,8:08,1:29
71419,"April 9, 2025",sierra-gold,8432,2.1,8:43,1:07
71414,"April 9, 2025",sierra-gold,8433,6.8,8:25,2:32
71422,"April 9, 2025",sierra-gold,8472,2.1,8:27,1:08
71413,"April 9, 2025",sierra-gold,8475,6.1,8:38,2:08
71417,"April 9, 2025",sierra-gold,8480,3.4,8:23,1:28
71316,"April 8, 2025",sierra-gold,8431,2.6,8:26,1:20
71314,"April 8, 2025",sierra-gold,8432,2.2,8:09,1:06
71353,"April 8, 2025",sierra-gold,8433,2.9,3:59,1:05
71315,"April 8, 2025",sierra-gold,8472,2.4,8:29,1:13
71352,"April 8, 2025",sierra-gold,8475,2.9,4:05,0:57
71354,"April 8, 2025",sierra-gold,8480,3.2,4:02,1:08
71206,"April 7, 2025",sierra-gold,8431,2.3,8:16,1:05
71205,"April 7, 2025",sierra-gold,8433,2.7,8:23,1:19
71204,"April 7, 2025",sierra-gold,8472,2.4,8:26,1:06
71058,"April 4, 2025",sierra-gold,8431,3.5,8:15,1:12
71055,"April 4, 2025",sierra-gold,8432,5.4,7:09,1:57
71057,"April 4, 2025",sierra-gold,8433,2.8,8:20,1:00
71056,"April 4, 2025",sierra-gold,8472,2.5,8:18,0:54
71054,"April 4, 2025",sierra-gold,8475,6.1,7:44,2:10
71071,"April 4, 2025",sierra-gold,8480,5.5,8:02,2:08
70959,"April 3, 2025",sierra-gold,8431,4.2,8:14,1:31
70949,"April 3, 2025",sierra-gold,8432,3.8,8:34,1:21
70848,"April 3, 2025",sierra-gold,8433,0.3,4:46,0:06
70952,"April 3, 2025",sierra-gold,8472,3.7,8:34,1:21
70976,"April 3, 2025",sierra-gold,8475,0.3,2:03,0:08
70977,"April 3, 2025",sierra-gold,8480,0.3,3:12,0:07
70751,"April 2, 2025",sierra-gold,8431,5.0,8:08,1:49
70701,"April 2, 2025",sierra-gold,8432,3.1,3:54,1:05
70711,"April 2, 2025",sierra-gold,8432,6.6,8:28,2:15
70721,"April 2, 2025",sierra-gold,8432,3.1,3:54,1:05
70731,"April 2, 2025",sierra-gold,8432,3.1,3:54,1:05
70745,"April 2, 2025",sierra-gold,8433,0.3,6:47,0:08
70736,"April 2, 2025",sierra-gold,8472,4.8,8:01,1:46
70891,"April 1, 2025",sierra-gold,8431,5.9,8:33,2:13
70887,"April 1, 2025",sierra-gold,8432,5.1,8:28,1:53
70889,"April 1, 2025",sierra-gold,8433,1.8,3:57,0:46
70888,"April 1, 2025",sierra-gold,8472,5.2,8:14,1:55
70876,"April 1, 2025",sierra-gold,8475,2.8,8:37,1:05
70882,"April 1, 2025",sierra-gold,8480,4.4,8:36,1:47
70636,"March 31, 2025",sierra-gold,8431,2.1,4:56,0:49
70634,"March 31, 2025",sierra-gold,8432,7.1,8:25,2:34
70639,"March 31, 2025",sierra-gold,8433,1.8,2:34,0:44
70635,"March 31, 2025",sierra-gold,8472,7.0,8:25,2:38
70627,"March 31, 2025",sierra-gold,8475,7.2,8:53,2:47
70632,"March 31, 2025",sierra-gold,8480,7.7,8:40,2:59
70495,"March 28, 2025",sierra-gold,8431,4.7,8:30,1:40
70491,"March 28, 2025",sierra-gold,8432,6.5,8:22,2:13
70501,"March 28, 2025",sierra-gold,8433,2.9,8:06,1:08
70492,"March 28, 2025",sierra-gold,8472,5.6,8:06,2:04
70489,"March 28, 2025",sierra-gold,8475,2.7,7:53,1:04
70498,"March 28, 2025",sierra-gold,8480,3.5,7:59,1:20
70409,"March 27, 2025",sierra-gold,8431,5.6,8:18,1:59
70405,"March 27, 2025",sierra-gold,8432,5.3,8:17,1:52
70407,"March 27, 2025",sierra-gold,8433,4.7,8:16,1:50
70406,"March 27, 2025",sierra-gold,8472,5.7,8:18,2:01
70403,"March 27, 2025",sierra-gold,8475,4.6,8:05,1:44
70411,"March 27, 2025",sierra-gold,8480,4.4,8:01,1:43
70328,"March 26, 2025",sierra-gold,8431,6.0,8:33,1:58
70325,"March 26, 2025",sierra-gold,8432,5.8,8:29,1:46
70327,"March 26, 2025",sierra-gold,8433,1.0,7:54,0:26
70326,"March 26, 2025",sierra-gold,8472,5.5,1:59,1:48
70324,"March 26, 2025",sierra-gold,8475,1.7,7:56,0:19
70329,"March 26, 2025",sierra-gold,8480,1.6,7:50,0:24
70256,"March 25, 2025",sierra-gold,8431,4.7,8:20,1:32
70260,"March 25, 2025",sierra-gold,8432,3.7,4:46,1:02
70246,"March 25, 2025",sierra-gold,8433,0.0,7:50,0:00
70254,"March 25, 2025",sierra-gold,8472,4.4,8:28,1:29
70245,"March 25, 2025",sierra-gold,8475,0.1,7:50,0:06
70248,"March 25, 2025",sierra-gold,8480,0.2,7:51,0:07
70171,"March 24, 2025",sierra-gold,8431,5.6,8:55,1:48
70169,"March 24, 2025",sierra-gold,8432,5.5,8:27,1:41
70150,"March 24, 2025",sierra-gold,8433,2.3,8:00,0:50
70170,"March 24, 2025",sierra-gold,8472,4.8,8:19,1:35
70147,"March 24, 2025",sierra-gold,8475,1.9,8:01,0:43
70151,"March 24, 2025",sierra-gold,8480,1.6,8:04,0:37
70036,"March 21, 2025",sierra-gold,8431,5.4,8:17,1:48
70033,"March 21, 2025",sierra-gold,8432,5.4,8:20,1:39
70023,"March 21, 2025",sierra-gold,8433,5.9,8:05,2:05
70034,"March 21, 2025",sierra-gold,8472,5.7,8:14,1:52
70020,"March 21, 2025",sierra-gold,8475,5.8,8:07,1:57
70025,"March 21, 2025",sierra-gold,8480,5.8,8:01,2:03
69953,"March 20, 2025",sierra-gold,8431,5.8,8:38,1:56
69951,"March 20, 2025",sierra-gold,8432,5.4,8:17,1:42
69932,"March 20, 2025",sierra-gold,8433,8.7,8:39,3:01
69952,"March 20, 2025",sierra-gold,8472,5.1,8:12,1:47
69931,"March 20, 2025",sierra-gold,8475,8.4,8:44,2:47
69933,"March 20, 2025",sierra-gold,8480,8.5,8:44,2:56
69856,"March 19, 2025",sierra-gold,8431,2.6,6:21,0:51
69842,"March 19, 2025",sierra-gold,8432,2.6,7:54,0:46
69845,"March 19, 2025",sierra-gold,8433,2.7,8:51,1:05
69843,"March 19, 2025",sierra-gold,8472,2.4,7:52,0:47
69841,"March 19, 2025",sierra-gold,8475,4.5,8:03,1:22
69847,"March 19, 2025",sierra-gold,8480,5.8,8:22,1:45
69752,"March 18, 2025",sierra-gold,8431,4.3,7:13,1:31
69750,"March 18, 2025",sierra-gold,8432,5.3,11:49,1:44
69747,"March 18, 2025",sierra-gold,8433,2.5,9:06,0:55
69751,"March 18, 2025",sierra-gold,8472,5.3,8:40,1:52
69745,"March 18, 2025",sierra-gold,8475,4.1,8:22,1:30
69749,"March 18, 2025",sierra-gold,8480,4.7,12:02,1:43
69661,"March 17, 2025",sierra-gold,8431,5.8,8:03,2:00
69658,"March 17, 2025",sierra-gold,8432,5.9,8:16,1:54
69650,"March 17, 2025",sierra-gold,8433,5.2,8:17,1:57
69659,"March 17, 2025",sierra-gold,8472,5.9,8:36,1:58
69649,"March 17, 2025",sierra-gold,8475,5.5,8:15,2:01
69653,"March 17, 2025",sierra-gold,8480,5.6,8:22,1:59
69509,"March 14, 2025",sierra-gold,8431,3.6,7:12,1:20
69504,"March 14, 2025",sierra-gold,8432,5.3,8:18,1:40
69510,"March 14, 2025",sierra-gold,8433,5.3,7:52,1:51
69500,"March 14, 2025",sierra-gold,8472,5.3,8:26,1:50
69499,"March 14, 2025",sierra-gold,8475,3.2,6:14,1:00
69502,"March 14, 2025",sierra-gold,8480,5.9,8:29,1:49
69432,"March 13, 2025",sierra-gold,8431,4.6,8:02,1:29
69429,"March 13, 2025",sierra-gold,8432,5.6,8:31,1:39
69436,"March 13, 2025",sierra-gold,8433,1.8,6:25,0:41
69427,"March 13, 2025",sierra-gold,8475,5.2,8:31,1:33
69339,"March 12, 2025",sierra-gold,8431,4.9,7:58,1:33
69341,"March 12, 2025",sierra-gold,8432,5.7,8:04,1:39
69371,"March 12, 2025",sierra-gold,8433,0.2,0:24,0:05
69336,"March 12, 2025",sierra-gold,8475,5.6,8:01,1:45
69244,"March 11, 2025",sierra-gold,8431,4.7,8:15,1:27
69239,"March 11, 2025",sierra-gold,8432,4.0,8:17,1:09
69243,"March 11, 2025",sierra-gold,8433,2.1,8:04,0:54
69242,"March 11, 2025",sierra-gold,8472,4.3,8:20,1:32
69249,"March 11, 2025",sierra-gold,8475,5.7,8:13,1:40
69245,"March 11, 2025",sierra-gold,8480,5.2,8:09,1:43
69173,"March 10, 2025",sierra-gold,8431,6.3,8:22,2:00
69170,"March 10, 2025",sierra-gold,8432,5.6,8:07,1:37
69172,"March 10, 2025",sierra-gold,8433,0.3,8:20,0:08
69186,"March 10, 2025",sierra-gold,8472,0.2,0:49,0:06
69169,"March 10, 2025",sierra-gold,8475,1.9,9:07,0:34
69174,"March 10, 2025",sierra-gold,8480,0.0,7:48,0:00
69045,"March 7, 2025",sierra-gold,8431,4.4,5:55,1:25
69043,"March 7, 2025",sierra-gold,8432,6.1,8:19,1:55
69065,"March 7, 2025",sierra-gold,8433,2.3,3:38,0:47
69038,"March 7, 2025",sierra-gold,8472,8.1,8:27,2:39
69042,"March 7, 2025",sierra-gold,8475,6.9,8:29,2:13
69041,"March 7, 2025",sierra-gold,8480,9.9,8:33,3:04
68952,"March 6, 2025",sierra-gold,8431,5.2,8:37,1:50
68951,"March 6, 2025",sierra-gold,8432,4.5,8:18,1:30
68963,"March 6, 2025",sierra-gold,8433,1.4,8:48,0:31
68959,"March 6, 2025",sierra-gold,8472,5.3,7:36,1:49
68957,"March 6, 2025",sierra-gold,8475,4.7,8:03,1:37
68953,"March 6, 2025",sierra-gold,8480,5.8,7:45,1:50
68873,"March 5, 2025",sierra-gold,8431,5.4,7:49,1:56
68870,"March 5, 2025",sierra-gold,8432,5.5,7:38,1:56
68872,"March 5, 2025",sierra-gold,8433,3.7,8:50,1:19
68876,"March 5, 2025",sierra-gold,8472,3.7,7:41,1:21
68875,"March 5, 2025",sierra-gold,8475,3.0,7:42,1:06
68877,"March 5, 2025",sierra-gold,8480,3.0,7:19,1:01
68787,"March 4, 2025",sierra-gold,8431,4.2,6:53,1:28
68803,"March 4, 2025",sierra-gold,8432,3.4,6:03,1:12
68794,"March 4, 2025",sierra-gold,8433,3.1,6:46,1:08
68793,"March 4, 2025",sierra-gold,8472,0.5,2:35,0:13
68792,"March 4, 2025",sierra-gold,8475,3.9,8:48,1:23
68796,"March 4, 2025",sierra-gold,8480,0.2,1:17,0:05
68700,"March 3, 2025",sierra-gold,8431,6.2,9:36,2:06
68697,"March 3, 2025",sierra-gold,8432,6.6,9:35,2:10
68698,"March 3, 2025",sierra-gold,8433,2.7,8:48,0:58
68736,"March 3, 2025",sierra-gold,8472,0.0,2:31,0:01
68735,"March 3, 2025",sierra-gold,8475,0.0,2:33,0:02
68724,"March 3, 2025",sierra-gold,8480,0.1,5:11,0:05
68553,"February 28, 2025",sierra-gold,8431,5.2,8:21,1:41
68549,"February 28, 2025",sierra-gold,8432,4.5,8:11,1:23
68550,"February 28, 2025",sierra-gold,8433,4.0,8:14,1:21
68467,"February 27, 2025",sierra-gold,8431,6.0,8:35,1:54
68465,"February 27, 2025",sierra-gold,8432,6.8,8:34,2:01
68466,"February 27, 2025",sierra-gold,8433,6.9,8:38,2:10
68376,"February 26, 2025",sierra-gold,8431,6.9,8:24,2:14
68372,"February 26, 2025",sierra-gold,8432,5.4,8:33,1:40
68374,"February 26, 2025",sierra-gold,8433,5.1,8:25,1:39
68280,"February 25, 2025",sierra-gold,8431,10.3,8:32,3:09
68278,"February 25, 2025",sierra-gold,8432,9.9,8:24,2:58
68279,"February 25, 2025",sierra-gold,8433,2.7,8:13,1:00
68201,"February 24, 2025",sierra-gold,8431,9.7,8:24,2:52
68236,"February 24, 2025",sierra-gold,8432,2.3,1:58,0:38
68200,"February 24, 2025",sierra-gold,8433,10.2,8:25,3:02
68068,"February 21, 2025",sierra-gold,8431,8.1,8:30,2:28
68066,"February 21, 2025",sierra-gold,8432,3.7,7:02,1:09
68067,"February 21, 2025",sierra-gold,8433,6.4,9:19,1:57
68000,"February 20, 2025",sierra-gold,8431,6.1,8:20,1:55
67996,"February 20, 2025",sierra-gold,8432,5.9,8:15,1:47
67998,"February 20, 2025",sierra-gold,8433,5.8,8:34,1:47
67949,"February 19, 2025",sierra-gold,8431,8.2,8:12,2:29
67944,"February 19, 2025",sierra-gold,8432,7.6,8:38,2:13
67947,"February 19, 2025",sierra-gold,8433,1.9,8:31,0:48
67916,"February 19, 2025",sierra-gold,8472,0.0,12:03,0:00
67886,"February 18, 2025",sierra-gold,8431,5.1,8:07,1:45
67884,"February 18, 2025",sierra-gold,8432,5.3,8:02,1:48
67885,"February 18, 2025",sierra-gold,8433,4.0,8:15,1:19
67906,"February 18, 2025",sierra-gold,8472,0.0,10:26,0:01
67897,"February 18, 2025",sierra-gold,8475,0.0,3:52,0:01
67811,"February 17, 2025",sierra-gold,8431,4.3,7:47,1:26
67808,"February 17, 2025",sierra-gold,8432,5.0,8:13,1:37
67810,"February 17, 2025",sierra-gold,8433,5.1,8:08,1:39
67713,"February 14, 2025",sierra-gold,8431,4.4,8:17,1:32
67711,"February 14, 2025",sierra-gold,8432,4.7,8:07,1:34
67712,"February 14, 2025",sierra-gold,8433,4.0,8:18,1:23
67631,"February 13, 2025",sierra-gold,8431,7.3,8:06,2:23
67629,"February 13, 2025",sierra-gold,8432,7.2,8:01,2:22
67632,"February 13, 2025",sierra-gold,8433,1.3,8:19,0:28
67575,"February 12, 2025",sierra-gold,8431,0.3,5:13,0:10
67594,"February 12, 2025",sierra-gold,8433,0.1,0:48,0:03
67513,"February 11, 2025",sierra-gold,8431,1.0,5:25,0:23
67511,"February 11, 2025",sierra-gold,8432,1.6,5:24,0:33
67512,"February 11, 2025",sierra-gold,8433,1.0,5:24,0:25
67452,"February 10, 2025",sierra-gold,8431,1.1,7:26,0:29
67450,"February 10, 2025",sierra-gold,8432,1.6,7:27,0:35
67451,"February 10, 2025",sierra-gold,8433,1.9,7:36,0:43
67333,"February 7, 2025",sierra-gold,8431,5.0,8:20,1:44
67331,"February 7, 2025",sierra-gold,8432,4.5,8:18,1:29
67332,"February 7, 2025",sierra-gold,8433,5.1,7:54,1:38
67272,"February 6, 2025",sierra-gold,8431,5.2,6:06,1:44
67271,"February 6, 2025",sierra-gold,8432,4.5,5:59,1:22
67270,"February 6, 2025",sierra-gold,8433,2.7,5:52,0:52
67013,"February 5, 2025",sierra-gold,8431,0.8,0:42,0:16
67033,"February 5, 2025",sierra-gold,8431,6.5,8:05,2:09
67053,"February 5, 2025",sierra-gold,8431,0.8,0:42,0:16
67073,"February 5, 2025",sierra-gold,8431,0.8,0:42,0:16
67018,"February 5, 2025",sierra-gold,8432,0.1,0:41,0:03
67038,"February 5, 2025",sierra-gold,8432,6.1,8:25,1:52
67058,"February 5, 2025",sierra-gold,8432,0.1,0:41,0:03
67078,"February 5, 2025",sierra-gold,8432,0.1,0:41,0:03
67024,"February 5, 2025",sierra-gold,8433,0.3,0:41,0:09
67044,"February 5, 2025",sierra-gold,8433,5.5,8:07,1:45
67064,"February 5, 2025",sierra-gold,8433,0.3,0:41,0:09
67084,"February 5, 2025",sierra-gold,8433,0.3,0:41,0:09
67159,"February 4, 2025",sierra-gold,8431,8.0,8:21,2:39
67157,"February 4, 2025",sierra-gold,8432,6.0,8:07,1:52
67158,"February 4, 2025",sierra-gold,8433,3.3,8:12,1:11
66984,"February 3, 2025",sierra-gold,8431,6.3,8:31,1:59
66982,"February 3, 2025",sierra-gold,8432,6.3,8:39,1:58
66983,"February 3, 2025",sierra-gold,8433,3.9,8:42,1:23
66803,"January 31, 2025",sierra-gold,8431,5.8,8:34,2:01
66800,"January 31, 2025",sierra-gold,8432,5.7,8:23,1:44
66802,"January 31, 2025",sierra-gold,8433,4.9,10:21,1:40
66715,"January 30, 2025",sierra-gold,8431,4.4,8:30,1:31
66712,"January 30, 2025",sierra-gold,8432,4.3,8:29,1:29
66714,"January 30, 2025",sierra-gold,8433,5.3,7:40,1:51
66655,"January 29, 2025",sierra-gold,8431,0.5,8:08,0:15
66654,"January 29, 2025",sierra-gold,8432,0.5,8:03,0:15
66566,"January 28, 2025",sierra-gold,8431,4.6,8:25,1:37
66570,"January 28, 2025",sierra-gold,8432,4.4,8:14,1:36
66565,"January 28, 2025",sierra-gold,8433,2.8,8:25,1:07
66510,"January 27, 2025",sierra-gold,8431,5.7,8:43,2:03
66509,"January 27, 2025",sierra-gold,8432,4.7,8:13,1:42
66514,"January 27, 2025",sierra-gold,8433,4.7,7:02,1:49
66446,"January 24, 2025",sierra-gold,8433,2.0,4:09,0:49
66369,"January 23, 2025",sierra-gold,8431,5.0,8:22,1:52
66367,"January 23, 2025",sierra-gold,8432,5.0,8:31,1:53
66393,"January 23, 2025",sierra-gold,8433,1.1,2:34,0:28
66246,"January 21, 2025",sierra-gold,8431,0.0,8:51,0:00
66243,"January 21, 2025",sierra-gold,8432,2.2,8:27,0:59
66245,"January 21, 2025",sierra-gold,8433,1.6,8:52,0:35
66189,"January 20, 2025",sierra-gold,8431,0.7,8:50,0:17
66187,"January 20, 2025",sierra-gold,8432,1.2,8:38,0:26
66188,"January 20, 2025",sierra-gold,8433,0.7,8:52,0:15
66081,"January 17, 2025",sierra-gold,8431,5.2,8:33,1:53
66079,"January 17, 2025",sierra-gold,8432,4.8,8:32,1:43
66080,"January 17, 2025",sierra-gold,8433,4.2,9:21,1:30
66009,"January 16, 2025",sierra-gold,8431,3.1,8:41,1:06
66005,"January 16, 2025",sierra-gold,8432,3.1,8:40,1:06
66006,"January 16, 2025",sierra-gold,8433,3.0,8:34,1:04
65936,"January 15, 2025",sierra-gold,8431,8.4,8:41,2:53
65934,"January 15, 2025",sierra-gold,8432,7.8,8:37,2:41
65935,"January 15, 2025",sierra-gold,8433,6.6,8:59,2:40
65869,"January 14, 2025",sierra-gold,8431,2.8,6:45,1:05
65867,"January 14, 2025",sierra-gold,8432,3.6,6:44,1:25
65868,"January 14, 2025",sierra-gold,8433,2.0,6:45,0:47
65808,"January 13, 2025",sierra-gold,8431,2.7,7:49,1:01
65806,"January 13, 2025",sierra-gold,8432,2.5,7:38,0:58
65807,"January 13, 2025",sierra-gold,8433,2.3,7:45,0:52
65702,"January 10, 2025",sierra-gold,8431,3.5,7:23,1:21
65701,"January 10, 2025",sierra-gold,8432,3.9,7:03,1:29
65707,"January 10, 2025",sierra-gold,8433,3.7,6:36,1:24
65641,"January 9, 2025",sierra-gold,8431,4.4,8:07,1:45
65639,"January 9, 2025",sierra-gold,8432,4.2,8:06,1:34
65640,"January 9, 2025",sierra-gold,8433,5.1,8:09,1:56
65574,"January 8, 2025",sierra-gold,8431,3.8,8:35,1:36
65572,"January 8, 2025",sierra-gold,8432,4.1,8:35,1:30
65573,"January 8, 2025",sierra-gold,8433,1.6,8:33,0:39
65516,"January 7, 2025",sierra-gold,8431,3.6,8:24,1:30
65514,"January 7, 2025",sierra-gold,8432,3.8,8:12,1:19
65515,"January 7, 2025",sierra-gold,8433,3.6,8:25,1:22
65452,"January 6, 2025",sierra-gold,8431,1.4,5:09,0:38
65450,"January 6, 2025",sierra-gold,8432,2.4,5:22,0:55
65451,"January 6, 2025",sierra-gold,8433,1.7,5:09,0:41
65305,"January 2, 2025",sierra-gold,8431,2.7,6:11,1:09
65304,"January 2, 2025",sierra-gold,8432,3.2,6:29,1:09
65303,"January 2, 2025",sierra-gold,8433,1.7,7:37,0:41